time,mint,symbol,decision,score,reason,age_s,mcap_usd,growth_pct,unique_buyers,buys,sells,net_sol,dev_hold_pct,dev_sold,early_wallets,early_pct,top10_pct,unseen_sol,twitter,tweet_link,telegram,website,narrative,link
2026-09-28 13:17:29,BKpPmVjnHmnRWUxVDgsFM8qfMDSG9fKPEDA9YRh1KMEs,Viscacha,reject,0,dev holds 12.6%,30,4294,0.0,0,0,0,0.0,12.62,False,0,0.0,12.62,0.0,False,False,False,False,,https://pump.fun/coin/BKpPmVjnHmnRWUxVDgsFM8qfMDSG9fKPEDA9YRh1KMEs
2026-09-28 13:17:30,8HKN2ogRD4fB6Czyue2T2UvuBjXjR5tAb4K6u849pump,SOLCELL,reject,0,no traction,61,3454,0.0,0,0,0,0.0,1.74,False,0,0.0,1.74,0.0,False,False,False,False,,https://pump.fun/coin/8HKN2ogRD4fB6Czyue2T2UvuBjXjR5tAb4K6u849pump
2026-09-28 13:17:34,2UZJLctxK6BxmQ9PixhVqug1ff5yUvq1ykY3gq5Fpump,BARRON,reject,0,no traction,60,3387,0.0,0,0,0,0.0,0.7,False,0,0.0,0.7,0.0,False,False,False,False,trump,https://pump.fun/coin/2UZJLctxK6BxmQ9PixhVqug1ff5yUvq1ykY3gq5Fpump
2026-09-28 13:17:36,9w7tonExKSvbcbkai9mjywyp3zt1R1CPELVc2VNwpump,Vory,reject,0,no traction,60,3593,0.0,0,0,0,0.0,3.8,False,0,0.0,3.8,0.0,False,False,False,False,agent,https://pump.fun/coin/9w7tonExKSvbcbkai9mjywyp3zt1R1CPELVc2VNwpump
2026-09-28 13:17:42,26Nk4n182H3d74i7pWyMyqgNCP88oyNHFXY4PAespump,PHI,reject,0,no traction,61,3414,0.0,0,0,0,0.0,1.12,False,0,0.0,1.12,0.0,True,False,False,True,,https://pump.fun/coin/26Nk4n182H3d74i7pWyMyqgNCP88oyNHFXY4PAespump
2026-09-28 13:17:43,9rW6Mab4PqfhawJMRBHwJDADFcVkU9oxcxjCLs6vpump,TI,reject,0,no traction,60,3388,0.0,0,0,0,0.0,0.71,False,0,0.0,0.71,0.0,False,False,False,False,,https://pump.fun/coin/9rW6Mab4PqfhawJMRBHwJDADFcVkU9oxcxjCLs6vpump
2026-09-28 13:17:43,HtCSVLFfop2Ws8tq4S3SLi4uxcBuzg9xjxtZVfmupump,CLAIMS,reject,0,no traction,60,3635,0.0,0,0,0,0.0,4.4,False,0,0.0,4.4,0.0,False,False,False,False,,https://pump.fun/coin/HtCSVLFfop2Ws8tq4S3SLi4uxcBuzg9xjxtZVfmupump
2026-09-28 13:17:44,8UFQtmdsxBzWDkjQSPeRPHiFmpdudDh4GSJa2Yj1pump,DOOB,reject,0,no traction,61,3365,0.0,0,0,0,0.0,0.35,False,0,0.0,0.35,0.0,False,False,False,False,,https://pump.fun/coin/8UFQtmdsxBzWDkjQSPeRPHiFmpdudDh4GSJa2Yj1pump
2026-09-28 13:17:46,GPj5CixEBcDgCKXHTzw8w13kpapeW5FS5MuyGdMwpump,PepeSword,reject,0,no traction,60,3567,0.0,0,0,0,0.0,3.42,False,0,0.0,3.42,0.0,False,False,False,False,,https://pump.fun/coin/GPj5CixEBcDgCKXHTzw8w13kpapeW5FS5MuyGdMwpump
2026-09-28 13:17:52,7ZXCfYFc8nLCZ7iyTX3LJqjqzmMVpbaSdWtcMac1AMuQ,ROMA,reject,0,no traction,60,3343,0.0,0,0,0,0.0,0.0,False,0,0.0,0.0,0.0,False,False,False,False,,https://pump.fun/coin/7ZXCfYFc8nLCZ7iyTX3LJqjqzmMVpbaSdWtcMac1AMuQ
2026-09-28 13:17:55,9UFTR8yfdmouXY8cMLDe7WsKg2zTLvrwRSUdtqo2pump,FROYOGUY,reject,0,no traction,61,3798,0.0,0,0,0,0.0,6.63,False,0,0.0,6.63,0.0,False,False,False,False,,https://pump.fun/coin/9UFTR8yfdmouXY8cMLDe7WsKg2zTLvrwRSUdtqo2pump
2026-09-28 13:17:55,5asDmGNt9RnxcSsYNEEKuh5o65K7icVWZbXpysBfoLpp,SCORP,reject,0,no traction,61,3344,0.0,0,0,0,0.0,0.01,False,0,0.0,0.01,0.0,False,False,False,False,,https://pump.fun/coin/5asDmGNt9RnxcSsYNEEKuh5o65K7icVWZbXpysBfoLpp
2026-09-28 13:17:55,5pWWcScu86hdJhfDRhyMnq56L12KxuiTD3fWWpv4pump,SOLDOGE,reject,0,no traction,60,3345,0.0,0,0,0,0.0,0.04,False,0,0.0,0.04,0.0,False,False,False,False,,https://pump.fun/coin/5pWWcScu86hdJhfDRhyMnq56L12KxuiTD3fWWpv4pump
2026-09-28 13:17:55,9mqo7LHQ8GbFTHWKmDKHL15ztd8b97CEAf4A9jZixtNZ,,reject,0,dev holds 9.1%,31,3991,0.0,0,0,0,0.0,9.1,False,0,0.0,9.1,0.0,False,False,False,False,,https://pump.fun/coin/9mqo7LHQ8GbFTHWKmDKHL15ztd8b97CEAf4A9jZixtNZ
2026-09-28 13:18:02,3C64TVX2grErLGDb3j1dWhU9Cj979ES2az4JYUd9pump,GMDOG,reject,0,no traction,61,3570,0.0,0,0,0,0.0,3.46,False,0,0.0,3.46,0.0,False,False,False,False,,https://pump.fun/coin/3C64TVX2grErLGDb3j1dWhU9Cj979ES2az4JYUd9pump
2026-09-28 13:18:05,GPXXe5t65MmFdjvuurCyDribEnKwdtBiSmS43iUTpump,Sol Ad,reject,0,no traction,61,3356,0.0,0,0,0,0.0,0.21,False,0,0.0,0.21,0.0,False,False,False,False,,https://pump.fun/coin/GPXXe5t65MmFdjvuurCyDribEnKwdtBiSmS43iUTpump
2026-09-28 13:18:05,HDK9VyyWrbL5ADCkzkkGvgVvHAMq8veCjQfzcomk7wSG,Gerhart,reject,0,dev holds 9.8%,31,4045,0.0,0,0,0,0.0,9.75,False,0,0.0,9.75,0.0,False,False,False,False,,https://pump.fun/coin/HDK9VyyWrbL5ADCkzkkGvgVvHAMq8veCjQfzcomk7wSG
2026-09-28 13:18:09,H8uk4jkRBwb3723HcBLaCwU4rHTeD71ngkqLSzmH8JFY,Orbit,reject,0,no traction,61,3343,0.0,0,0,0,0.0,0.0,False,0,0.0,0.0,0.0,True,True,False,False,,https://pump.fun/coin/H8uk4jkRBwb3723HcBLaCwU4rHTeD71ngkqLSzmH8JFY
2026-09-28 13:18:09,AUEDr7QQpGrYYYvtBoCHhW1xhL4ySnX4Co711E5GuZ83,Orbit,reject,0,no traction,60,3343,0.0,0,0,0,0.0,0.0,False,0,0.0,0.0,0.0,True,True,False,False,,https://pump.fun/coin/AUEDr7QQpGrYYYvtBoCHhW1xhL4ySnX4Co711E5GuZ83
2026-09-28 13:18:11,GvDcyvuJqQEdzgD98nnMPBwsQYf4zPiBd6aFXwStpwKR,ZKS,reject,0,no traction,60,3627,0.0,0,0,0,0.0,4.29,False,0,0.0,4.29,0.0,False,False,False,False,,https://pump.fun/coin/GvDcyvuJqQEdzgD98nnMPBwsQYf4zPiBd6aFXwStpwKR
2026-09-28 13:18:17,Gm7kcYZKvPLvjnTPSkXtL3QF7ARk9iTVMMjmiBdpW653,SWARMOS,reject,0,no traction,61,3567,0.0,0,0,0,0.0,3.42,False,0,0.0,3.42,0.0,False,False,False,False,,https://pump.fun/coin/Gm7kcYZKvPLvjnTPSkXtL3QF7ARk9iTVMMjmiBdpW653
2026-09-28 13:18:17,HJnBK7veRgyjRmG41L16QJesCYV28sPMrpdbuyuTyAHD,,reject,0,no traction,60,3474,0.0,0,0,0,0.0,2.05,False,0,0.0,2.05,0.0,False,False,False,False,,https://pump.fun/coin/HJnBK7veRgyjRmG41L16QJesCYV28sPMrpdbuyuTyAHD
2026-09-28 13:18:28,2CpB41Gtz885qZFmzn2u22PBmZLyNPbBVoxvd4RQpump,TI,reject,0,no traction,60,3388,0.0,0,0,0,0.0,0.71,False,0,0.0,0.71,0.0,False,False,False,False,,https://pump.fun/coin/2CpB41Gtz885qZFmzn2u22PBmZLyNPbBVoxvd4RQpump
2026-09-28 13:18:29,4ERDupt3QN96zMtspMoSXAA2ijj3Lg9i3TyBX6e1pump,STOXES,reject,0,no traction,61,3804,0.0,0,0,0,0.0,6.71,False,0,0.0,6.71,0.0,False,False,False,False,tokeniz,https://pump.fun/coin/4ERDupt3QN96zMtspMoSXAA2ijj3Lg9i3TyBX6e1pump
2026-09-28 13:18:33,Adk5nqPu4pC6c1z8ZipEmBefnLqywTMQstvjPCqNpt8J,BRIPOLWER,reject,0,no traction,61,3343,0.0,0,0,0,0.0,0.0,False,0,0.0,0.0,0.0,False,False,False,False,,https://pump.fun/coin/Adk5nqPu4pC6c1z8ZipEmBefnLqywTMQstvjPCqNpt8J
2026-09-28 13:18:33,3RuYp8aVdqgiyhEC8jyTh8XAQZ34Fpv6okk4jzUt6v5d,ZKS,reject,0,no traction,61,3627,0.0,0,0,0,0.0,4.29,False,0,0.0,4.29,0.0,False,False,False,False,,https://pump.fun/coin/3RuYp8aVdqgiyhEC8jyTh8XAQZ34Fpv6okk4jzUt6v5d
2026-09-28 13:18:37,9574Jyxeg6tJJjCcrW4exrRKiBUE6WLSVSXuZysv6UsA,柴ちゃん,reject,0,dev holds 9.9%,30,4060,0.0,0,0,0,0.0,9.94,False,0,0.0,9.94,0.0,False,False,False,False,,https://pump.fun/coin/9574Jyxeg6tJJjCcrW4exrRKiBUE6WLSVSXuZysv6UsA
2026-09-28 13:18:39,FPCup57XGV5CuRnbvLUt7NSH8SG9FtK6gkWVkvc1pump,DEGEN,reject,0,no traction,60,3356,0.0,0,0,0,0.0,0.21,False,0,0.0,0.21,0.0,False,False,False,False,,https://pump.fun/coin/FPCup57XGV5CuRnbvLUt7NSH8SG9FtK6gkWVkvc1pump
2026-09-28 13:18:39,4nXCUWa1dyhHzyQY46wEuLEGf3pfcYkvvQqZeFiifPkX,TILCAYO,reject,0,no traction,60,3635,0.0,0,0,0,0.0,4.4,False,0,0.0,4.4,0.0,False,False,False,False,,https://pump.fun/coin/4nXCUWa1dyhHzyQY46wEuLEGf3pfcYkvvQqZeFiifPkX
2026-09-28 13:18:46,95fdqdpAp57r7CMhqPsacUbAa2xTFFKJ2qX4StmTpump,SSD,reject,0,no traction,60,3392,0.0,0,0,0,0.0,0.77,False,0,0.0,0.77,0.0,False,False,False,False,,https://pump.fun/coin/95fdqdpAp57r7CMhqPsacUbAa2xTFFKJ2qX4StmTpump
2026-09-28 13:18:49,Ckbks7Sc47hRYQNp5HBpBCrdxhekh8jXhDvgv85ymxjg,CMC,reject,0,no traction,60,3455,0.0,0,0,0,0.0,1.76,False,0,0.0,1.76,0.0,True,True,False,True,,https://pump.fun/coin/Ckbks7Sc47hRYQNp5HBpBCrdxhekh8jXhDvgv85ymxjg
2026-09-28 13:18:52,6E6DcnDYSeeWX2gwtfJBy6RzeEh2kZvrNUMf1W7T66zw,Paw,reject,0,dev holds 11.2%,31,4169,0.0,0,0,0,0.0,11.21,False,0,0.0,11.21,0.0,True,True,False,True,,https://pump.fun/coin/6E6DcnDYSeeWX2gwtfJBy6RzeEh2kZvrNUMf1W7T66zw
2026-09-28 13:18:55,4etP5D94W1rSZ6J7oovNKsQF1ASEjXGHkLgWkhfP8YJf,Viscacha,reject,0,dev holds 9.8%,31,4045,0.0,0,0,0,0.0,9.75,False,0,0.0,9.75,0.0,True,True,False,False,,https://pump.fun/coin/4etP5D94W1rSZ6J7oovNKsQF1ASEjXGHkLgWkhfP8YJf
2026-09-28 13:19:01,4jQEY1QokVoGhXvKhbdgMfM35bnU8Dzx5PKo3J8Xpump,MESUB,reject,0,no traction,61,3433,0.0,0,0,0,0.0,1.42,False,0,0.0,1.42,0.0,False,False,False,False,,https://pump.fun/coin/4jQEY1QokVoGhXvKhbdgMfM35bnU8Dzx5PKo3J8Xpump
2026-09-28 13:19:17,Fa2sPxWbuX9iRFofyw3ogTFs5qJnZ8UYqoh3L3tapump,TI,reject,0,no traction,61,3388,0.0,0,0,0,0.0,0.71,False,0,0.0,0.71,0.0,False,False,False,False,,https://pump.fun/coin/Fa2sPxWbuX9iRFofyw3ogTFs5qJnZ8UYqoh3L3tapump
2026-09-28 13:19:41,8U4CUabMdxkGfr5Np8cYLhjLwizKu6zmBSdKvM9Mr9jT,Gerhart,reject,0,dev holds 15.3%,30,4550,0.0,0,0,0,0.0,15.33,False,0,0.0,15.33,0.0,True,True,False,False,,https://pump.fun/coin/8U4CUabMdxkGfr5Np8cYLhjLwizKu6zmBSdKvM9Mr9jT
2026-09-28 13:19:42,48PCNnQjyvmw3YoSBqsomzGHHSUGfQBo5i3Rahaepump,SSD,reject,0,no traction,61,3405,0.0,0,0,0,0.0,0.98,False,0,0.0,0.98,0.0,False,False,False,False,,https://pump.fun/coin/48PCNnQjyvmw3YoSBqsomzGHHSUGfQBo5i3Rahaepump
2026-09-28 13:19:45,DNoPDVKdVG1YqyNNwc2L8euN7ZY6N959gSx9Q66AbSoL,TRADING,reject,0,no traction,61,3454,0.0,0,0,0,0.0,1.74,False,0,0.0,1.74,0.0,True,True,False,True,,https://pump.fun/coin/DNoPDVKdVG1YqyNNwc2L8euN7ZY6N959gSx9Q66AbSoL
2026-09-28 13:19:56,8qdJNRLCBUwWjZHnbrrhcSK8cwc8dxFtiDkYNT7Xpump,Bulltober,reject,0,no traction,61,3354,0.0,0,0,0,0.0,0.18,False,0,0.0,0.18,0.0,False,False,False,False,,https://pump.fun/coin/8qdJNRLCBUwWjZHnbrrhcSK8cwc8dxFtiDkYNT7Xpump
2026-09-28 13:19:56,C1t44dZ5TpDH7s3kBv3B2tP41dHZq9DfQfCUuJHNpump,BARBIE,reject,0,no traction,60,3356,0.0,0,0,0,0.0,0.21,False,0,0.0,0.21,0.0,False,False,False,False,,https://pump.fun/coin/C1t44dZ5TpDH7s3kBv3B2tP41dHZq9DfQfCUuJHNpump
2026-09-28 13:19:57,DFcHbmwEKq7uPKUXZ43MCqQmyoRsuUFsXRUo4j7pump,OpenShell,reject,0,no traction,61,3388,0.0,0,0,0,0.0,0.71,False,0,0.0,0.71,0.0,False,False,False,False,,https://pump.fun/coin/DFcHbmwEKq7uPKUXZ43MCqQmyoRsuUFsXRUo4j7pump
2026-09-28 13:20:04,E8rwagqeRZngFZs56KfjyDHAJXwbn4n3EvtVS1Ap8aP1,CATALIEN,reject,0,no traction,61,3346,0.0,0,0,0,0.0,0.05,False,0,0.0,0.05,0.0,False,False,False,False,,https://pump.fun/coin/E8rwagqeRZngFZs56KfjyDHAJXwbn4n3EvtVS1Ap8aP1
2026-09-28 13:20:08,9jWWi3i8zwAZiGaUCdkfnp18Qr4PhtEmC3pLN98apump,piramydys,reject,0,no traction,61,3354,0.0,0,0,0,0.0,0.18,False,0,0.0,0.18,0.0,False,False,False,False,,https://pump.fun/coin/9jWWi3i8zwAZiGaUCdkfnp18Qr4PhtEmC3pLN98apump
2026-09-28 13:20:13,6bdEDmrSXJieH3nvMLqiZffsUsvo8ooSfKUkt3oepump,SOLCELL,reject,0,no traction,61,3681,0.0,0,0,0,0.0,5.05,False,0,0.0,5.05,0.0,False,False,False,False,,https://pump.fun/coin/6bdEDmrSXJieH3nvMLqiZffsUsvo8ooSfKUkt3oepump
2026-09-28 13:20:17,XLXULSxjbQVif7aiz63qJqJj8wxTq4L1VckjVJMhuH4,SEOULANA,reject,0,dev holds 12.6%,30,4294,0.0,0,0,0,0.0,12.62,False,0,0.0,12.62,0.0,True,True,False,False,,https://pump.fun/coin/XLXULSxjbQVif7aiz63qJqJj8wxTq4L1VckjVJMhuH4
2026-09-28 13:20:23,Fz2nZbXYjKFRnsCUGeTm2P7f85osn1PPvpQ6JTS3pump,XPAY,reject,0,no traction,61,3567,0.0,0,0,0,0.0,3.42,False,0,0.0,3.42,0.0,False,False,False,False,,https://pump.fun/coin/Fz2nZbXYjKFRnsCUGeTm2P7f85osn1PPvpQ6JTS3pump
2026-09-28 13:20:24,eVH7WPEdk2gZurfABZLEFJdRRdkxywZNTjaA9qUpump,CHARGE,reject,0,no traction,60,3798,0.0,0,0,0,0.0,6.63,False,0,0.0,6.63,0.0,False,False,False,False,,https://pump.fun/coin/eVH7WPEdk2gZurfABZLEFJdRRdkxywZNTjaA9qUpump
2026-09-28 13:20:31,ZZj9C7yxbc9gFBPMCMLXw2xe499n3mwZEf8CFtRpump,tickr_,reject,0,no traction,60,3549,0.0,0,0,0,0.0,3.15,False,0,0.0,3.15,0.0,False,False,False,False,,https://pump.fun/coin/ZZj9C7yxbc9gFBPMCMLXw2xe499n3mwZEf8CFtRpump
2026-09-28 13:20:35,9Ek1s7uCWXv7BGhVxYbZN1tS8mFovf46heXhFXUxeBzt,,reject,0,dev holds 100.0%,30,721760,0.0,0,0,0,0.0,100.0,False,0,0.0,100.0,0.0,False,False,False,False,,https://pump.fun/coin/9Ek1s7uCWXv7BGhVxYbZN1tS8mFovf46heXhFXUxeBzt
2026-09-28 13:20:50,3ejfjd6e4BWTxjNZzBEqM5c2QhUjahwnW5KinPKSpump,NIGHTCAT,reject,0,no traction,60,3356,0.0,0,0,0,0.0,0.21,False,0,0.0,0.21,0.0,False,False,False,False,,https://pump.fun/coin/3ejfjd6e4BWTxjNZzBEqM5c2QhUjahwnW5KinPKSpump
2026-09-28 13:20:54,Go212RcfwWZvMiWHNjQn3hf1CUjvoYDoKfbuLP8Epump,Jank,reject,0,no traction,61,3345,0.0,0,0,0,0.0,0.04,False,0,0.0,0.04,0.0,False,False,False,False,,https://pump.fun/coin/Go212RcfwWZvMiWHNjQn3hf1CUjvoYDoKfbuLP8Epump
2026-09-28 13:20:55,6Aqwf5yXKtbW8TyH5s1muzwQyxWgQdU6Ph3KPn7mpump,OpenShell,reject,0,no traction,61,3388,0.0,0,0,0,0.0,0.71,False,0,0.0,0.71,0.0,False,False,False,False,,https://pump.fun/coin/6Aqwf5yXKtbW8TyH5s1muzwQyxWgQdU6Ph3KPn7mpump
2026-09-28 13:21:09,B5iLCLrHvBB3dg9YDtCZFzfWCqShWEHGLmNxpMwK5aPU,PEANUT,reject,0,no traction,60,3388,0.0,0,0,0,0.0,0.71,False,0,0.0,0.71,0.0,True,False,False,True,,https://pump.fun/coin/B5iLCLrHvBB3dg9YDtCZFzfWCqShWEHGLmNxpMwK5aPU
2026-09-28 13:21:16,DrPAXccTUUZyd25gi2WX5YUju4XzKp5AmfKdX8hZhZnp,NEWVolk,reject,0,no traction,61,3343,0.0,0,0,0,0.0,0.0,False,0,0.0,0.0,0.0,False,False,False,False,,https://pump.fun/coin/DrPAXccTUUZyd25gi2WX5YUju4XzKp5AmfKdX8hZhZnp
2026-09-28 13:21:18,HmNC7inDhq6GWySf7TsXv53PqiWyQH2meTQT3oS9pump,ORBIT,reject,0,no traction,60,3354,0.0,0,0,0,0.0,0.18,False,0,0.0,0.18,0.0,False,False,False,False,,https://pump.fun/coin/HmNC7inDhq6GWySf7TsXv53PqiWyQH2meTQT3oS9pump
2026-09-28 13:21:18,6isimPJv3oxzVDShJWJ1TNDAGQVPKxU1QMrsZnbopump,SHIELD,reject,0,dev holds 10.1%,31,4070,0.0,0,0,0,0.0,10.05,False,0,0.0,10.05,0.0,True,True,False,True,,https://pump.fun/coin/6isimPJv3oxzVDShJWJ1TNDAGQVPKxU1QMrsZnbopump
2026-09-28 13:21:21,G7R8wXJuNZGezDiTGgbqLhb8t5baAM7fAHqPkcy7pump,$SDR,reject,0,no traction,61,3343,0.0,0,0,0,0.0,0.0,False,0,0.0,0.0,0.0,False,False,False,False,,https://pump.fun/coin/G7R8wXJuNZGezDiTGgbqLhb8t5baAM7fAHqPkcy7pump
2026-09-28 13:21:23,i4DhgnfebNF8FYh3C1yT4ruQMP43eBPX54nCsHdvGpn,TEST,reject,0,no traction,61,3365,0.0,0,0,0,0.0,0.35,False,0,0.0,0.35,0.0,False,False,False,False,,https://pump.fun/coin/i4DhgnfebNF8FYh3C1yT4ruQMP43eBPX54nCsHdvGpn
2026-09-28 13:21:38,EWN7HBRHsLZf24t63UGWHKgv2zwNWQ6Z3UUx7dbQ3k72,SOLVENT,reject,0,no traction,60,3343,0.0,0,0,0,0.0,0.0,False,0,0.0,0.0,0.0,False,False,False,False,,https://pump.fun/coin/EWN7HBRHsLZf24t63UGWHKgv2zwNWQ6Z3UUx7dbQ3k72
2026-09-28 13:21:43,74npMjqJPNdWAbKCw9rPjH3M8GW8RgH8n8MvpWfTpump,phil,reject,0,no traction,60,3388,0.0,0,0,0,0.0,0.71,False,0,0.0,0.71,0.0,False,False,False,False,,https://pump.fun/coin/74npMjqJPNdWAbKCw9rPjH3M8GW8RgH8n8MvpWfTpump
2026-09-28 13:22:06,EhpumphZDkbczno2yr8rnqdjsZobo5otbCgUcaHpump,Chachamaru,reject,0,no traction,60,3343,0.0,0,0,0,0.0,0.0,False,0,0.0,0.0,0.0,True,True,False,False,,https://pump.fun/coin/EhpumphZDkbczno2yr8rnqdjsZobo5otbCgUcaHpump
2026-09-28 13:22:06,FvhyZhpD4CEpVui6omsLrau4SuBnf1a4DkWVz1BWpump,Chachamaru,reject,0,no traction,60,3343,0.0,0,0,0,0.0,0.0,False,0,0.0,0.0,0.0,True,True,False,False,,https://pump.fun/coin/FvhyZhpD4CEpVui6omsLrau4SuBnf1a4DkWVz1BWpump
2026-09-28 13:22:06,5uHJD4XZcZ7dfSAyZuFy1dEH9otvSrBugHumgMF1pump,Chachamaru,reject,0,no traction,60,3343,0.0,0,0,0,0.0,0.0,False,0,0.0,0.0,0.0,True,True,False,False,,https://pump.fun/coin/5uHJD4XZcZ7dfSAyZuFy1dEH9otvSrBugHumgMF1pump
2026-09-28 13:22:15,3tMSSc3PTSyz7PUFrzreK9vg99seJE43uQUvB1VVdWkp,ZARVIS,reject,0,dev holds 9.8%,31,4045,0.0,0,0,0,0.0,9.75,False,0,0.0,9.75,0.0,True,True,False,True,,https://pump.fun/coin/3tMSSc3PTSyz7PUFrzreK9vg99seJE43uQUvB1VVdWkp
2026-09-28 13:22:19,4t23EcqUMZTexJLkcmrh7Y5FrGSM54f3VHztbofipump,CIPHER,reject,0,no traction,61,3437,0.0,0,0,0,0.0,1.48,False,0,0.0,1.48,0.0,False,False,False,False,,https://pump.fun/coin/4t23EcqUMZTexJLkcmrh7Y5FrGSM54f3VHztbofipump
2026-09-28 13:22:22,BkAd6iHpk4UcNHkoSuLGpTfeumzmRE7ei23WjL5hrshk,VISCACHA,reject,0,dev holds 9.8%,30,4045,0.0,0,0,0,0.0,9.75,False,0,0.0,9.75,0.0,True,True,False,False,,https://pump.fun/coin/BkAd6iHpk4UcNHkoSuLGpTfeumzmRE7ei23WjL5hrshk
2026-09-28 13:22:23,4m4CSE9wwKsgq79aU3jnatvjd8j4UihYzHTQuZXcpump,TRIED,reject,0,no traction,61,3406,0.0,0,0,0,0.0,0.99,False,0,0.0,0.99,0.0,True,True,False,True,,https://pump.fun/coin/4m4CSE9wwKsgq79aU3jnatvjd8j4UihYzHTQuZXcpump
2026-09-28 13:22:23,7VLgjLpxrrUZba6APZ5wGNWbGPBbYmuYpkhCnt52pump,hehehe,reject,0,dev holds 17.7%,31,4794,0.0,0,0,0,0.0,17.7,False,0,0.0,17.7,0.0,True,True,False,True,,https://pump.fun/coin/7VLgjLpxrrUZba6APZ5wGNWbGPBbYmuYpkhCnt52pump
2026-09-28 13:22:31,AhD1kqV4zG9nA43nZ5AceE7QsNQnAEPrNfF6rShpump,boon,reject,0,no traction,60,3678,0.0,0,0,0,0.0,5.0,False,0,0.0,5.0,0.0,True,False,False,True,ai,https://pump.fun/coin/AhD1kqV4zG9nA43nZ5AceE7QsNQnAEPrNfF6rShpump
2026-09-28 13:22:33,FjQidi16LQWc6iLceuDUjMpmhVRXYU7aUdjbVPY5pump,SSD,reject,0,no traction,60,3418,0.0,0,0,0,0.0,1.19,False,0,0.0,1.19,0.0,False,False,False,False,,https://pump.fun/coin/FjQidi16LQWc6iLceuDUjMpmhVRXYU7aUdjbVPY5pump
2026-09-28 13:22:38,6WyUSY9VpWt8hwVkjxhjvQaaq3bLtokuGWeP9yKbpump,Kin,reject,0,no traction,61,3365,0.0,0,0,0,0.0,0.35,False,0,0.0,0.35,0.0,False,False,False,False,,https://pump.fun/coin/6WyUSY9VpWt8hwVkjxhjvQaaq3bLtokuGWeP9yKbpump
2026-09-28 13:22:47,7EKxYr3q4TDk7UEgSeA48dBpjw27Wtyb12FZFUo4pump,KIRK,reject,0,no traction,61,3409,0.0,0,0,0,0.0,1.05,False,0,0.0,1.05,0.0,False,False,False,False,,https://pump.fun/coin/7EKxYr3q4TDk7UEgSeA48dBpjw27Wtyb12FZFUo4pump
2026-09-28 13:22:55,21D81DrBBKUvNefY78tCiJ23rmkJ7CjLKPtFYamwpump,OP-OP,reject,0,no traction,60,3356,0.0,0,0,0,0.0,0.21,False,0,0.0,0.21,0.0,False,False,False,False,,https://pump.fun/coin/21D81DrBBKUvNefY78tCiJ23rmkJ7CjLKPtFYamwpump
2026-09-28 13:23:00,9RAipFawEXgdVZNp9wX5gvCxi58CCwyXwWaPms62pump,LANDPADCAT,reject,0,no traction,60,3388,0.0,0,0,0,0.0,0.71,False,0,0.0,0.71,0.0,False,False,False,False,,https://pump.fun/coin/9RAipFawEXgdVZNp9wX5gvCxi58CCwyXwWaPms62pump
2026-09-28 13:23:03,BMFe8LsfjGfV9wV8jBkhBugXTtRG9eaKC27Wd4CXExMi,TRADEY,reject,0,dev holds 10.1%,30,4070,0.0,0,0,0,0.0,10.05,False,0,0.0,10.05,0.0,True,True,False,True,,https://pump.fun/coin/BMFe8LsfjGfV9wV8jBkhBugXTtRG9eaKC27Wd4CXExMi
2026-09-28 13:23:04,65CuPAgTE67BrNEUrUEBz7Xkd2hKTPmoxjWnpvkcMxQK,ZARVIS,reject,0,no traction,61,3635,0.0,0,0,0,0.0,4.4,False,0,0.0,4.4,0.0,False,False,False,False,,https://pump.fun/coin/65CuPAgTE67BrNEUrUEBz7Xkd2hKTPmoxjWnpvkcMxQK
2026-09-28 13:23:11,BQchGXkQ4XueA7m1zzZgfT1CKzKbCsq8TzAt3CMBpump,PayAgent,reject,0,no traction,60,3798,0.0,0,0,0,0.0,6.63,False,0,0.0,6.63,0.0,False,False,False,False,,https://pump.fun/coin/BQchGXkQ4XueA7m1zzZgfT1CKzKbCsq8TzAt3CMBpump
2026-09-28 13:23:19,4nsE9MHW81aEuLhw3uu4xDvy2TqwXJq4bKxZB1AXpump,catwifdino,reject,0,no traction,61,3567,0.0,0,0,0,0.0,3.42,False,0,0.0,3.42,0.0,False,False,False,False,,https://pump.fun/coin/4nsE9MHW81aEuLhw3uu4xDvy2TqwXJq4bKxZB1AXpump
2026-09-28 13:23:20,953hdqYAF1z4XvGedo12arvJCNC1Q9XCGGgWniarrUT4,COMPUTE,reject,0,no traction,60,3388,0.0,0,0,0,0.0,0.71,False,0,0.0,0.71,0.0,True,False,False,True,,https://pump.fun/coin/953hdqYAF1z4XvGedo12arvJCNC1Q9XCGGgWniarrUT4
2026-09-28 13:23:32,MaHEsf87Dxf76cfeeZcLejoy7qdGAg7wc89d2JVRUzb,WINE,reject,0,no traction,60,3343,0.0,0,0,0,0.0,0.0,False,0,0.0,0.0,0.0,False,False,False,False,,https://pump.fun/coin/MaHEsf87Dxf76cfeeZcLejoy7qdGAg7wc89d2JVRUzb
2026-09-28 13:23:33,4qQeZ5LwSz6HuupUu8jCtgXyW1mYQcNbFAW1sWZp89HL,,reject,0,no traction,61,3526,0.0,0,0,0,0.0,2.82,False,0,0.0,2.82,0.0,False,False,False,False,,https://pump.fun/coin/4qQeZ5LwSz6HuupUu8jCtgXyW1mYQcNbFAW1sWZp89HL
2026-09-28 13:23:34,C9xTRbVb7fBCGkGZjXV8vWA3NQ9wu9X3UaZokbAMpump,VanishLabs,reject,0,no traction,60,3422,0.0,0,0,0,0.0,1.24,False,0,0.0,1.24,0.0,False,False,False,False,,https://pump.fun/coin/C9xTRbVb7fBCGkGZjXV8vWA3NQ9wu9X3UaZokbAMpump
2026-09-28 13:23:35,QmfjLGFLnuFSqxJ63Kk6kbGqwsmF4tnWg3a8h9kpump,VISCACHA,reject,0,no traction,60,3567,0.0,0,0,0,0.0,3.42,False,0,0.0,3.42,0.0,False,False,False,False,,https://pump.fun/coin/QmfjLGFLnuFSqxJ63Kk6kbGqwsmF4tnWg3a8h9kpump
2026-09-28 13:23:41,FZzeNUAn23Tizt1EvLHXPdxqQqzcUP6D5g3Gm8Mfpump,SSD,reject,0,no traction,61,3416,0.0,0,0,0,0.0,1.15,False,0,0.0,1.15,0.0,False,False,False,False,,https://pump.fun/coin/FZzeNUAn23Tizt1EvLHXPdxqQqzcUP6D5g3Gm8Mfpump
2026-09-28 13:23:42,6Z1QVjaZJQM3uv61PEJQmmjxipp9fWvNTZgHrjXdpump,DOOB,reject,0,no traction,61,3365,0.0,0,0,0,0.0,0.35,False,0,0.0,0.35,0.0,False,False,False,False,,https://pump.fun/coin/6Z1QVjaZJQM3uv61PEJQmmjxipp9fWvNTZgHrjXdpump
2026-09-28 13:23:50,Bv5wMtK7K2UiGQmtyNVmbsasc9ZkQCVEHMGzEBVFpump,Elong,reject,0,no traction,60,3567,0.0,0,0,0,0.0,3.42,False,0,0.0,3.42,0.0,False,False,False,False,elon,https://pump.fun/coin/Bv5wMtK7K2UiGQmtyNVmbsasc9ZkQCVEHMGzEBVFpump
2026-09-28 13:23:51,iZihrKGoj56bgVkguMyxmLYPmbkd61QkW3GQqrPpump,swordcat,reject,0,no traction,61,3388,0.0,0,0,0,0.0,0.71,False,0,0.0,0.71,0.0,False,False,False,False,,https://pump.fun/coin/iZihrKGoj56bgVkguMyxmLYPmbkd61QkW3GQqrPpump
2026-09-28 13:23:57,H5eqYxLttNwnSjUCZkqzeFrCp6HtwQAJWButVdAvGseZ,AEBRAA,reject,0,no traction,60,3567,0.0,0,0,0,0.0,3.42,False,0,0.0,3.42,0.0,True,True,False,False,ai,https://pump.fun/coin/H5eqYxLttNwnSjUCZkqzeFrCp6HtwQAJWButVdAvGseZ
2026-09-28 13:24:08,rpYiVwfCYb2WXTz8Gtb6cGomC3pAutHh5yYvbrSpump,Mdih,reject,0,no traction,61,3454,0.0,0,0,0,0.0,1.74,False,0,0.0,1.74,0.0,False,False,False,False,,https://pump.fun/coin/rpYiVwfCYb2WXTz8Gtb6cGomC3pAutHh5yYvbrSpump
2026-09-28 13:24:10,6vwrarpGkojc5kLvTBfbQ2nfsgQbbT2VpCp132afpump,TOMMIE,reject,0,dev holds 15.0%,31,4518,0.0,0,0,0,0.0,15.0,False,0,0.0,15.0,0.0,False,False,False,False,,https://pump.fun/coin/6vwrarpGkojc5kLvTBfbQ2nfsgQbbT2VpCp132afpump
2026-09-28 13:24:17,QpWDiZyCphVSyZ7NRe85Ni1PpS87RDD8gSPn5qqpump,VISCACHA,reject,0,no traction,61,3567,0.0,0,0,0,0.0,3.42,False,0,0.0,3.42,0.0,False,False,False,False,,https://pump.fun/coin/QpWDiZyCphVSyZ7NRe85Ni1PpS87RDD8gSPn5qqpump
2026-09-28 13:24:17,6MZh5C1ow1wKgmjJRTNtdJS2SFRR7H1W3uDwAyo4o3Rv,,reject,0,no traction,60,3354,0.0,0,0,0,0.0,0.17,False,0,0.0,0.17,0.0,False,False,False,False,,https://pump.fun/coin/6MZh5C1ow1wKgmjJRTNtdJS2SFRR7H1W3uDwAyo4o3Rv
2026-09-28 13:24:27,Cr3HEUQN7M1eGAeo8kTupCc6wvDTXK1o3WTxmnZcPy9n,Maximus,reject,0,dev holds 9.9%,31,4060,0.0,0,0,0,0.0,9.94,False,0,0.0,9.94,0.0,False,False,False,False,,https://pump.fun/coin/Cr3HEUQN7M1eGAeo8kTupCc6wvDTXK1o3WTxmnZcPy9n
2026-09-28 13:24:28,6Aovmjhc6j8SxZr5xADbZ5X9F2FeHvhqiXuUvzoKpump,grumpygran,reject,0,dev holds 15.0%,30,4521,0.0,0,0,0,0.0,15.04,False,0,0.0,15.04,0.0,True,True,False,True,,https://pump.fun/coin/6Aovmjhc6j8SxZr5xADbZ5X9F2FeHvhqiXuUvzoKpump
2026-09-28 13:24:29,QqGwrZbjGTX1yzHkGT1zFLc3MnNJXQ98AsUFCqDpump,VISCACHA,reject,0,no traction,60,3567,0.0,0,0,0,0.0,3.42,False,0,0.0,3.42,0.0,False,False,False,False,,https://pump.fun/coin/QqGwrZbjGTX1yzHkGT1zFLc3MnNJXQ98AsUFCqDpump
2026-09-28 13:24:45,2TcRr636eeJJ2AXXarsjvdqeqRXoFyzLMh3WdsuVpump,ÆSTYLE ,reject,0,no traction,61,3365,0.0,0,0,0,0.0,0.35,False,0,0.0,0.35,0.0,False,False,False,False,,https://pump.fun/coin/2TcRr636eeJJ2AXXarsjvdqeqRXoFyzLMh3WdsuVpump
2026-09-28 13:24:45,5HnmDRGCBgZUhJrbNe8KniKphughkRnEqJQjBj2bpump,SSD,reject,0,no traction,61,3387,0.0,0,0,0,0.0,0.7,False,0,0.0,0.7,0.0,False,False,False,False,,https://pump.fun/coin/5HnmDRGCBgZUhJrbNe8KniKphughkRnEqJQjBj2bpump
2026-09-28 13:24:47,FnQxveA6eZYgF47dhaYLRH5Afvg1gUXwhQiKV2Gopump,$ZUC,reject,0,no traction,60,3398,0.0,0,0,0,0.0,0.88,False,0,0.0,0.88,0.0,False,False,False,False,,https://pump.fun/coin/FnQxveA6eZYgF47dhaYLRH5Afvg1gUXwhQiKV2Gopump
2026-09-28 13:24:48,5ZzYq3sZJtcp42f8DoRApSbiDh3h5A5w3x9eGCRVpump,e/bull,reject,0,no traction,60,3365,0.0,0,0,0,0.0,0.36,False,0,0.0,0.36,0.0,False,False,False,False,,https://pump.fun/coin/5ZzYq3sZJtcp42f8DoRApSbiDh3h5A5w3x9eGCRVpump
2026-09-28 13:24:52,Dx3Y3oBrMqcnjht8pdqtJb2kLbttq1QqdEcNSEndpump,Sicong,reject,0,no traction,60,3364,0.0,0,0,0,0.0,0.34,False,0,0.0,0.34,0.0,False,False,False,False,,https://pump.fun/coin/Dx3Y3oBrMqcnjht8pdqtJb2kLbttq1QqdEcNSEndpump
2026-09-28 13:24:53,6ZgD7hLBD5WXu7ubNwf91edTHJAdQY1DBoRqLRpepump,HBC,reject,0,no traction,61,3376,0.0,0,0,0,0.0,0.53,False,0,0.0,0.53,0.0,False,False,False,False,,https://pump.fun/coin/6ZgD7hLBD5WXu7ubNwf91edTHJAdQY1DBoRqLRpepump
2026-09-28 13:24:54,4AtJrkwsbAKHQmXgmnGpRC97VrLCB9FnEkgWZ9zApump,sdih,reject,0,no traction,60,3454,0.0,0,0,0,0.0,1.74,False,0,0.0,1.74,0.0,False,False,False,False,,https://pump.fun/coin/4AtJrkwsbAKHQmXgmnGpRC97VrLCB9FnEkgWZ9zApump
2026-09-28 13:24:58,J4xeboFig7z3CWpW4oqVsh2twem8AingUMjx5tvNpump,Cadence,reject,0,no traction,61,3388,0.0,0,0,0,0.0,0.71,False,0,0.0,0.71,0.0,False,False,False,False,,https://pump.fun/coin/J4xeboFig7z3CWpW4oqVsh2twem8AingUMjx5tvNpump
2026-09-28 13:24:58,B6VNYnFCYqxt53AisS6zBXiFTkgkLoRHRUGjBEBKpump,moon,reject,0,no traction,60,3365,0.0,0,0,0,0.0,0.35,False,0,0.0,0.35,0.0,False,False,False,False,,https://pump.fun/coin/B6VNYnFCYqxt53AisS6zBXiFTkgkLoRHRUGjBEBKpump
2026-09-28 13:24:59,BRHPS8WPwhLCuVS1Wst1LR5p7vcQz9saCr8PAfaWpump,swordape,reject,0,no traction,60,3356,0.0,0,0,0,0.0,0.21,False,0,0.0,0.21,0.0,False,False,False,False,,https://pump.fun/coin/BRHPS8WPwhLCuVS1Wst1LR5p7vcQz9saCr8PAfaWpump
2026-09-28 13:25:01,GxYWfL2dAqkcppu99ECyiLSx1vS5yLKP4q9orWUWpump,RPD,reject,0,no traction,61,3350,0.0,0,0,0,0.0,0.11,False,0,0.0,0.11,0.0,False,False,False,False,,https://pump.fun/coin/GxYWfL2dAqkcppu99ECyiLSx1vS5yLKP4q9orWUWpump
2026-09-28 13:25:06,6kQcxK1fQhnYmsSEPeu2BzsPPgpbn8vJmpHsUvj2pump,LANDCAT,reject,0,no traction,60,3359,0.0,0,0,0,0.0,0.26,False,0,0.0,0.26,0.0,False,False,False,False,,https://pump.fun/coin/6kQcxK1fQhnYmsSEPeu2BzsPPgpbn8vJmpHsUvj2pump
2026-09-28 13:25:14,6PbGd7TWUZ57BbeaaMNiXTd4KSBzARdeqxJhWgPppump,OTTER,reject,0,no traction,61,3365,0.0,0,0,0,0.0,0.35,False,0,0.0,0.35,0.0,False,False,False,False,,https://pump.fun/coin/6PbGd7TWUZ57BbeaaMNiXTd4KSBzARdeqxJhWgPppump
2026-09-28 13:25:17,CKBM3GKJ4AqxTfy6tQSfPDtcyEq8w2PKxiQsEVi8pump,TRUMPCOIN,reject,0,no traction,61,3343,0.0,0,0,0,0.0,0.0,False,0,0.0,0.0,0.0,False,False,False,False,trump,https://pump.fun/coin/CKBM3GKJ4AqxTfy6tQSfPDtcyEq8w2PKxiQsEVi8pump
2026-09-28 13:25:18,EEF5DM9vQ58xD215GRTvLK7zCmtQbvh4KYTp7GBniwKd,ARE WE REAL,reject,0,no traction,60,3343,0.0,0,0,0,0.0,0.0,False,0,0.0,0.0,0.0,True,True,False,True,,https://pump.fun/coin/EEF5DM9vQ58xD215GRTvLK7zCmtQbvh4KYTp7GBniwKd
2026-09-28 13:25:19,BEQ5Ed1YGT37hfkP1RCgefmJV6ATgTiDoV6qnBqzpump,BURGAH,reject,0,no traction,61,3410,0.0,0,0,0,0.0,1.05,False,0,0.0,1.05,0.0,False,False,False,False,,https://pump.fun/coin/BEQ5Ed1YGT37hfkP1RCgefmJV6ATgTiDoV6qnBqzpump
2026-09-28 13:25:19,7N4ttwRWobQNk4gohd43Z8Uoys8BPr9tbHH9iPhwpump,Knifecat,reject,0,no traction,60,3590,0.0,0,0,0,0.0,3.76,False,0,0.0,3.76,0.0,False,False,False,False,,https://pump.fun/coin/7N4ttwRWobQNk4gohd43Z8Uoys8BPr9tbHH9iPhwpump
2026-09-28 13:25:20,5JT8bfXKx5A7qzBXEyxKzqVM5CyP5TKo1z5mmuN9MgvL,Ouroboros,reject,0,dev holds 9.8%,31,4045,0.0,0,0,0,0.0,9.75,False,0,0.0,9.75,0.0,True,True,False,True,,https://pump.fun/coin/5JT8bfXKx5A7qzBXEyxKzqVM5CyP5TKo1z5mmuN9MgvL
2026-09-28 13:25:21,9QbUAt3T5aRfDV1nr7Wq3nA5B5JM6EBFd1epQmjxjTzd,ARE WE REAL,reject,0,no traction,61,3343,0.0,0,0,0,0.0,0.0,False,0,0.0,0.0,0.0,True,True,False,True,,https://pump.fun/coin/9QbUAt3T5aRfDV1nr7Wq3nA5B5JM6EBFd1epQmjxjTzd
2026-09-28 13:25:22,BRjJwrod1PuajityXdanSAyvAK54gWJtT2yic3bgCz52,ARE WE REAL,reject,0,no traction,60,3343,0.0,0,0,0,0.0,0.0,False,0,0.0,0.0,0.0,True,True,False,True,,https://pump.fun/coin/BRjJwrod1PuajityXdanSAyvAK54gWJtT2yic3bgCz52
2026-09-28 13:25:23,8GRzhQYgiEmKYfeLDAaPcZwupkg9LaJmidMaRqnikick,BASKET,reject,0,no traction,60,3567,0.0,0,0,0,0.0,3.42,False,0,0.0,3.42,0.0,False,False,False,False,,https://pump.fun/coin/8GRzhQYgiEmKYfeLDAaPcZwupkg9LaJmidMaRqnikick
2026-09-28 13:25:23,Xsc9qvGR1efVDFGLrVsmkzv3qi45LTBjeUKSPmx9qEh,,reject,0,dev holds 100.0%,30,721760,0.0,0,0,0,0.0,100.0,False,0,0.0,100.0,0.0,False,False,False,False,,https://pump.fun/coin/Xsc9qvGR1efVDFGLrVsmkzv3qi45LTBjeUKSPmx9qEh
2026-09-28 13:25:30,5rSbsdwAuYVqGYKFTmenGiyzKQ29g4zx2LcwrZaFpump,GAW,reject,0,no traction,61,3356,0.0,0,0,0,0.0,0.21,False,0,0.0,0.21,0.0,False,False,False,False,,https://pump.fun/coin/5rSbsdwAuYVqGYKFTmenGiyzKQ29g4zx2LcwrZaFpump
2026-09-28 13:25:31,2wD9ZE2ZoRRTBq24MDu4d7gwM68NAgz1tGH4Dhjfkxqb,CMC,reject,0,dev holds 26.8%,30,5943,0.0,0,0,0,0.0,26.82,False,0,0.0,26.82,0.0,False,False,False,False,,https://pump.fun/coin/2wD9ZE2ZoRRTBq24MDu4d7gwM68NAgz1tGH4Dhjfkxqb
2026-09-28 13:25:33,5Fr5Q7yPy5qL2ovfe7oZRH8rKk2Zt9ZyFoquRLWJpump,TRIED,reject,0,no traction,61,3434,0.0,0,0,0,0.0,1.42,False,0,0.0,1.42,0.0,False,False,False,False,,https://pump.fun/coin/5Fr5Q7yPy5qL2ovfe7oZRH8rKk2Zt9ZyFoquRLWJpump
2026-09-28 13:25:38,3zQh2q4pzQyJhxB781Lti6BJXKRi9kdywod7atDupump,NUMBA,reject,0,no traction,60,3354,0.0,0,0,0,0.0,0.18,False,0,0.0,0.18,0.0,False,False,False,False,,https://pump.fun/coin/3zQh2q4pzQyJhxB781Lti6BJXKRi9kdywod7atDupump
2026-09-28 13:25:38,ExDmkBbvpncHir3EkForZKNq4hGwVChFA265PxBXvZQa,ARE WE REAL,reject,0,no traction,60,3343,0.0,0,0,0,0.0,0.0,False,0,0.0,0.0,0.0,True,True,False,True,,https://pump.fun/coin/ExDmkBbvpncHir3EkForZKNq4hGwVChFA265PxBXvZQa
2026-09-28 13:25:39,9kVkorr3RwZUeAZK8Gc691bEooCRpGxM1mLWKXdAFWRX,ARE WE REAL,reject,0,no traction,61,3343,0.0,0,0,0,0.0,0.0,False,0,0.0,0.0,0.0,True,True,False,True,,https://pump.fun/coin/9kVkorr3RwZUeAZK8Gc691bEooCRpGxM1mLWKXdAFWRX
2026-09-28 13:25:40,DEZhHBNVkpiVXThEh5o7Ntf7fdN1vg5QpKnBuwffUgA8,KALYX,reject,0,no traction,60,3343,0.0,0,0,0,0.0,0.0,False,0,0.0,0.0,0.0,False,False,False,False,,https://pump.fun/coin/DEZhHBNVkpiVXThEh5o7Ntf7fdN1vg5QpKnBuwffUgA8
2026-09-28 13:25:43,4Tzr6n3b5MgfoNwUdMVaCf4uwFB7Ppe1T5ntYHwtT6vy,ARE WE REAL,reject,0,no traction,61,3343,0.0,0,0,0,0.0,0.0,False,0,0.0,0.0,0.0,True,True,False,True,,https://pump.fun/coin/4Tzr6n3b5MgfoNwUdMVaCf4uwFB7Ppe1T5ntYHwtT6vy
2026-09-28 13:25:44,PynqYe19oXbKKeYCvaku8ZBTqi1L4Z9QiHJfmeNmpQk,ARE WE REAL,reject,0,no traction,61,3343,0.0,0,0,0,0.0,0.0,False,0,0.0,0.0,0.0,True,True,False,True,,https://pump.fun/coin/PynqYe19oXbKKeYCvaku8ZBTqi1L4Z9QiHJfmeNmpQk
2026-09-28 13:25:44,G8RgrrQdksrvHpECEad7QAv2Pbu1NUyczmHkyaJWpump,$RIPJOE,reject,0,no traction,61,3443,0.0,0,0,0,0.0,1.57,False,0,0.0,1.57,0.0,False,False,False,False,,https://pump.fun/coin/G8RgrrQdksrvHpECEad7QAv2Pbu1NUyczmHkyaJWpump
2026-09-28 13:25:44,3s7dQ4wtG8NWbGvAPFR7UDrc4cJiAXd2yW3K4TGc8oqo,ARE WE REAL,reject,0,no traction,60,3343,0.0,0,0,0,0.0,0.0,False,0,0.0,0.0,0.0,True,True,False,True,,https://pump.fun/coin/3s7dQ4wtG8NWbGvAPFR7UDrc4cJiAXd2yW3K4TGc8oqo
2026-09-28 13:25:45,DD6NkgTNFERzCK2uJ9pWFxG8mnFXWy1QSvqnRzxGTWa4,TEST,reject,0,no traction,61,3345,0.0,0,0,0,0.0,0.04,False,0,0.0,0.04,0.0,False,False,False,False,,https://pump.fun/coin/DD6NkgTNFERzCK2uJ9pWFxG8mnFXWy1QSvqnRzxGTWa4
2026-09-28 13:25:47,nmCm5TMi7eWZogY1zSYizoDZ3jRoLCiqqLXM4uvPmWC,TRADEY,reject,0,no traction,60,3343,0.0,0,0,0,0.0,0.0,False,0,0.0,0.0,0.0,True,True,False,True,,https://pump.fun/coin/nmCm5TMi7eWZogY1zSYizoDZ3jRoLCiqqLXM4uvPmWC
2026-09-28 13:25:47,GGA6WwoxuzSuLdPCcJcVG6eHNk3xgEouF6o83waUgGfZ,TRADEY,reject,0,no traction,60,3343,0.0,0,0,0,0.0,0.0,False,0,0.0,0.0,0.0,True,True,False,True,,https://pump.fun/coin/GGA6WwoxuzSuLdPCcJcVG6eHNk3xgEouF6o83waUgGfZ
2026-09-28 13:25:47,Fd4SfNa7frKJ4kgmUqVoPpvEGaqgNJU2LWWhw5LBFWoy,TRADEY,reject,0,no traction,60,3343,0.0,0,0,0,0.0,0.0,False,0,0.0,0.0,0.0,True,True,False,True,,https://pump.fun/coin/Fd4SfNa7frKJ4kgmUqVoPpvEGaqgNJU2LWWhw5LBFWoy
2026-09-28 13:25:47,EvnoNSropSxY9r8L6gVUMA1i25hKcULFTXgrGRCkntYa,TRADEY,reject,0,no traction,60,3343,0.0,0,0,0,0.0,0.0,False,0,0.0,0.0,0.0,True,True,False,True,,https://pump.fun/coin/EvnoNSropSxY9r8L6gVUMA1i25hKcULFTXgrGRCkntYa
2026-09-28 13:25:48,3S8RRWyZqC146grBhWJkJtYAf2TUSzf6sHFscm3jzdDC,TRADEY,reject,0,no traction,61,3343,0.0,0,0,0,0.0,0.0,False,0,0.0,0.0,0.0,True,True,False,True,,https://pump.fun/coin/3S8RRWyZqC146grBhWJkJtYAf2TUSzf6sHFscm3jzdDC
2026-09-28 13:25:48,FGe7EuTwm15JCid18XuUh7Wssm3ETM2Y9p6VGqoWr34N,TRADEY,reject,0,no traction,61,3343,0.0,0,0,0,0.0,0.0,False,0,0.0,0.0,0.0,True,True,False,True,,https://pump.fun/coin/FGe7EuTwm15JCid18XuUh7Wssm3ETM2Y9p6VGqoWr34N
2026-09-28 13:25:48,F726Xhm1LpTD2dDLkjQWh5SL5127TnPc3V9Ekp45N2Sr,TRADEY,reject,0,no traction,61,3343,0.0,0,0,0,0.0,0.0,False,0,0.0,0.0,0.0,True,True,False,True,,https://pump.fun/coin/F726Xhm1LpTD2dDLkjQWh5SL5127TnPc3V9Ekp45N2Sr
2026-09-28 13:25:48,2Pmznu7PztEgtgQF2b42pf2hnnKcfNDjDLVdJL8d6sbt,TRADEY,reject,0,no traction,61,3343,0.0,0,0,0,0.0,0.0,False,0,0.0,0.0,0.0,True,True,False,True,,https://pump.fun/coin/2Pmznu7PztEgtgQF2b42pf2hnnKcfNDjDLVdJL8d6sbt
2026-09-28 13:25:51,EHnN6mSsmttHsscv5Jz7nWcutsEyHfQHywTxcdazpump,COINMARKETCAT,reject,0,no traction,60,3388,0.0,0,0,0,0.0,0.71,False,0,0.0,0.71,0.0,False,False,False,False,,https://pump.fun/coin/EHnN6mSsmttHsscv5Jz7nWcutsEyHfQHywTxcdazpump
2026-09-28 13:25:52,FtVjAEFs3Z2QrEvKWsu7fHYWXKGZuQ9xE2wzoR2pFNoK,TRADEY,reject,0,no traction,60,3343,0.0,0,0,0,0.0,0.0,False,0,0.0,0.0,0.0,True,True,False,True,,https://pump.fun/coin/FtVjAEFs3Z2QrEvKWsu7fHYWXKGZuQ9xE2wzoR2pFNoK
2026-09-28 13:25:52,9kJ9re9TSG993pwN19R24Gq1eac54UfSax6eay2K5HmU,TRADEY,reject,0,no traction,60,3343,0.0,0,0,0,0.0,0.0,False,0,0.0,0.0,0.0,True,True,False,True,,https://pump.fun/coin/9kJ9re9TSG993pwN19R24Gq1eac54UfSax6eay2K5HmU
2026-09-28 13:25:53,9SjcQgVnjfyV55dKaX9LJa2iEsgWYWbgUwLT4pUMXmGC,TRADEY,reject,0,no traction,61,3343,0.0,0,0,0,0.0,0.0,False,0,0.0,0.0,0.0,True,True,False,True,,https://pump.fun/coin/9SjcQgVnjfyV55dKaX9LJa2iEsgWYWbgUwLT4pUMXmGC
2026-09-28 13:25:53,91vmqriJ6hqhS8C9gB94dTYcuvTTaqqRuM9o75MfkD7c,ARE WE REAL,reject,0,no traction,61,3343,0.0,0,0,0,0.0,0.0,False,0,0.0,0.0,0.0,True,True,False,True,,https://pump.fun/coin/91vmqriJ6hqhS8C9gB94dTYcuvTTaqqRuM9o75MfkD7c
2026-09-28 13:25:53,7V8cM6MYXd94R5HUyewTGacLKoQWRNbwXbDXXkV7ZnNU,TRADEY,reject,0,no traction,61,3343,0.0,0,0,0,0.0,0.0,False,0,0.0,0.0,0.0,True,True,False,True,,https://pump.fun/coin/7V8cM6MYXd94R5HUyewTGacLKoQWRNbwXbDXXkV7ZnNU
2026-09-28 13:25:53,5jAfCTaE1bBrf39LvZSVMzFeFhS9cMQHc1XTAQpkcbts,ARE WE REAL,reject,0,no traction,61,3343,0.0,0,0,0,0.0,0.0,False,0,0.0,0.0,0.0,True,True,False,True,,https://pump.fun/coin/5jAfCTaE1bBrf39LvZSVMzFeFhS9cMQHc1XTAQpkcbts
2026-09-28 13:25:53,9gH2N744FCjKqAvRv1S5sc59aiyEzNSLCbAT7yQQQa6S,CMC,reject,0,dev holds 8.2%,30,3923,0.0,0,0,0,0.0,8.25,False,0,0.0,8.25,0.0,True,False,False,True,,https://pump.fun/coin/9gH2N744FCjKqAvRv1S5sc59aiyEzNSLCbAT7yQQQa6S
2026-09-28 13:25:54,5D5hP1i8XQ4HjFiUXDNVqCbZ3PewCy7Pr9J7PKPWdPis,ARE WE REAL,reject,0,no traction,61,3343,0.0,0,0,0,0.0,0.0,False,0,0.0,0.0,0.0,True,True,False,True,,https://pump.fun/coin/5D5hP1i8XQ4HjFiUXDNVqCbZ3PewCy7Pr9J7PKPWdPis
2026-09-28 13:25:54,7xnEvdm3qYmsFThAz183FpFe8LcehqcHeeGkbF6tVcfw,ARE WE REAL,reject,0,no traction,61,3343,0.0,0,0,0,0.0,0.0,False,0,0.0,0.0,0.0,True,True,False,True,,https://pump.fun/coin/7xnEvdm3qYmsFThAz183FpFe8LcehqcHeeGkbF6tVcfw
2026-09-28 13:25:56,8uVMYbxJ8AKbb3XgeSqdDjTu4VF4kHDnBkZvrWtfpump,PUMPSWORD,reject,0,no traction,60,3613,0.0,0,0,0,0.0,4.09,False,0,0.0,4.09,0.0,False,False,False,False,,https://pump.fun/coin/8uVMYbxJ8AKbb3XgeSqdDjTu4VF4kHDnBkZvrWtfpump
2026-09-28 13:25:59,8cMncm2hFaqrxiPHpP1E1t6SRgNynNfZ7hH1bhhtpump,PWF,reject,0,no traction,61,3544,0.0,0,0,0,0.0,3.09,False,0,0.0,3.09,0.0,False,False,False,False,,https://pump.fun/coin/8cMncm2hFaqrxiPHpP1E1t6SRgNynNfZ7hH1bhhtpump
2026-09-28 13:25:59,ERBtGb9i6pWTdwTgMce9gXAhs7wHoUJcMB8RuBsNpump,Pe,reject,0,no traction,61,3567,0.0,0,0,0,0.0,3.43,False,0,0.0,3.43,0.0,False,False,False,False,,https://pump.fun/coin/ERBtGb9i6pWTdwTgMce9gXAhs7wHoUJcMB8RuBsNpump
2026-09-28 13:26:02,Dj6vPM6wjvekibujA3qtnZ6iFH4qqbdcdFPeKyHspump,QCAT,reject,0,no traction,61,3567,0.0,0,0,0,0.0,3.43,False,0,0.0,3.43,0.0,False,False,False,False,quant,https://pump.fun/coin/Dj6vPM6wjvekibujA3qtnZ6iFH4qqbdcdFPeKyHspump
2026-09-28 13:26:04,7DzaXnyPAVEiWoKkehgdXj9m3zFM6RBjvbqiLNhFpump,jump,reject,0,no traction,61,3354,0.0,0,0,0,0.0,0.18,False,0,0.0,0.18,0.0,False,False,False,False,,https://pump.fun/coin/7DzaXnyPAVEiWoKkehgdXj9m3zFM6RBjvbqiLNhFpump
2026-09-28 13:26:04,EkinPChfMEutcGULSbQL45FXqoQZuRo2sdcHp146pump,FAKE,reject,0,no traction,60,3352,0.0,0,0,0,0.0,0.15,False,0,0.0,0.15,0.0,False,False,False,False,,https://pump.fun/coin/EkinPChfMEutcGULSbQL45FXqoQZuRo2sdcHp146pump
2026-09-28 13:26:08,GSCy5dzR8GPV6EuhPrQxPf6jLdaYaRRxQACrfJappump,INUX,reject,0,no traction,60,3365,0.0,0,0,0,0.0,0.35,False,0,0.0,0.35,0.0,False,False,False,False,,https://pump.fun/coin/GSCy5dzR8GPV6EuhPrQxPf6jLdaYaRRxQACrfJappump
2026-09-28 13:26:12,EvWN8k5Q2teZ7ALDtM7TuJbuLRjqubkNgKsVqCg9pump,EAGLEMOG,reject,0,no traction,60,3521,0.0,0,0,0,0.0,2.75,False,0,0.0,2.75,0.0,False,False,False,False,,https://pump.fun/coin/EvWN8k5Q2teZ7ALDtM7TuJbuLRjqubkNgKsVqCg9pump
2026-09-28 13:26:13,2PLhzouR1ApKCYpZ6Gx19C885D9XZeSwUTSu42JJPjNn,MEMETUALS,reject,0,no traction,60,3346,0.0,0,0,0,0.0,0.05,False,0,0.0,0.05,0.0,False,False,False,False,,https://pump.fun/coin/2PLhzouR1ApKCYpZ6Gx19C885D9XZeSwUTSu42JJPjNn
2026-09-28 13:26:15,5Z3MadBvr5G9oPaXHAJSKjdWp1WLCAGEkPaxpb83Dq2J,CMC,reject,0,no traction,61,3343,0.0,0,0,0,0.0,0.0,False,0,0.0,0.0,0.0,True,True,False,True,,https://pump.fun/coin/5Z3MadBvr5G9oPaXHAJSKjdWp1WLCAGEkPaxpb83Dq2J
2026-09-28 13:26:15,8wGLhmjNiZqZJKe34xB27ifB8JXAuafx8cuWYLiHpump,mrbeast ,reject,0,no traction,61,3398,0.0,0,0,0,0.0,0.88,False,0,0.0,0.88,0.0,False,False,False,False,,https://pump.fun/coin/8wGLhmjNiZqZJKe34xB27ifB8JXAuafx8cuWYLiHpump
2026-09-28 13:26:15,2c8BEVEw5pokjojHxwF6CdpNLHcnZNywNSLHqKyZfVwq,CMC,reject,0,no traction,60,3343,0.0,0,0,0,0.0,0.0,False,0,0.0,0.0,0.0,True,True,False,True,,https://pump.fun/coin/2c8BEVEw5pokjojHxwF6CdpNLHcnZNywNSLHqKyZfVwq
2026-09-28 13:26:15,Bk1kwdY4PxXFZTmHpEeTZ6STwudeLPWWxq9brLp1w2TF,CMC,reject,0,no traction,60,3343,0.0,0,0,0,0.0,0.0,False,0,0.0,0.0,0.0,True,True,False,True,,https://pump.fun/coin/Bk1kwdY4PxXFZTmHpEeTZ6STwudeLPWWxq9brLp1w2TF
2026-09-28 13:26:15,7kc6J3jAAsE2pyiFE9P1rbcGnrYJ7vUbe1SHGjaL9RBz,CMC,reject,0,no traction,60,3343,0.0,0,0,0,0.0,0.0,False,0,0.0,0.0,0.0,True,True,False,True,,https://pump.fun/coin/7kc6J3jAAsE2pyiFE9P1rbcGnrYJ7vUbe1SHGjaL9RBz
2026-09-28 13:26:15,271CjwesGbx8j6y4uY7bKGt37uPK5ykq49avLPmRFfki,CMC,reject,0,no traction,60,3343,0.0,0,0,0,0.0,0.0,False,0,0.0,0.0,0.0,False,False,False,False,,https://pump.fun/coin/271CjwesGbx8j6y4uY7bKGt37uPK5ykq49avLPmRFfki
2026-09-28 13:26:16,Af5NX3Xtfbd43TgSmLtHY3M4T7wgSU5yuWUcW1PxRJrg,CMC,reject,0,no traction,61,3343,0.0,0,0,0,0.0,0.0,False,0,0.0,0.0,0.0,True,True,False,True,,https://pump.fun/coin/Af5NX3Xtfbd43TgSmLtHY3M4T7wgSU5yuWUcW1PxRJrg
2026-09-28 13:26:19,GAZ7WmdRJXfbw4gJNwersiRNty9sRdWfMAYituwCpump,Back,reject,0,no traction,60,3356,0.0,0,0,0,0.0,0.21,False,0,0.0,0.21,0.0,False,False,False,False,,https://pump.fun/coin/GAZ7WmdRJXfbw4gJNwersiRNty9sRdWfMAYituwCpump
2026-09-28 13:26:22,CtAsrR3YAFQtiJyqz9ffWLLwEsAxvmwGgTpnjtTtASoL,YZI,reject,0,no traction,61,3381,0.0,0,0,0,0.0,0.6,False,0,0.0,0.6,0.0,True,True,False,True,,https://pump.fun/coin/CtAsrR3YAFQtiJyqz9ffWLLwEsAxvmwGgTpnjtTtASoL
2026-09-28 13:26:28,CMu2RnUjpTDDExuNHmYNrE3Vh3Ri2eBNTxx2GccFpump,FROGOR,reject,0,no traction,60,3432,0.0,0,0,0,0.0,1.39,False,0,0.0,1.39,0.0,False,False,False,False,,https://pump.fun/coin/CMu2RnUjpTDDExuNHmYNrE3Vh3Ri2eBNTxx2GccFpump
2026-09-28 13:26:29,DRxYc7K7uy4fPzNnJ65r8KFNazEsbUPVFKWaPFBWpump,BLUE,reject,0,no traction,61,3388,0.0,0,0,0,0.0,0.71,False,0,0.0,0.71,0.0,False,False,False,False,,https://pump.fun/coin/DRxYc7K7uy4fPzNnJ65r8KFNazEsbUPVFKWaPFBWpump
2026-09-28 13:26:29,HmjRnPegKiZvGUxFnWM7piPyMAJv2gqUPyBTzV3Epump,SSD,reject,0,no traction,60,3387,0.0,0,0,0,0.0,0.7,False,0,0.0,0.7,0.0,False,False,False,False,,https://pump.fun/coin/HmjRnPegKiZvGUxFnWM7piPyMAJv2gqUPyBTzV3Epump
2026-09-28 13:40:05,6Ff2BTMewSgJxp4hhv6DHojmUtnRWRMdhJgry4kdpump,att,reject,0,dev sold,30,3477,3.1,2,16,11,0.0,0.35,True,1,0.33,0.68,0.0,False,False,False,False,,https://pump.fun/coin/6Ff2BTMewSgJxp4hhv6DHojmUtnRWRMdhJgry4kdpump
2026-09-28 13:40:06,3sL1aYEjj6HXVFuy8hbkuMQunuSvW794bAPyxnnepump,OPEXCODE,reject,0,dev sold,30,3415,-2.5,13,13,13,0.29,2.35,True,6,1.03,3.38,0.0,False,False,False,False,,https://pump.fun/coin/3sL1aYEjj6HXVFuy8hbkuMQunuSvW794bAPyxnnepump
2026-09-28 13:40:26,8mEXJVRRHhgpn57gSXRkEqGDaN2mfdbQu4MxNMaQ5VUz,Nova,reject,0,dev sold,31,3640,-15.2,27,29,28,1.271,12.49,True,8,0.0,16.85,0.0,True,True,False,True,,https://pump.fun/coin/8mEXJVRRHhgpn57gSXRkEqGDaN2mfdbQu4MxNMaQ5VUz
2026-09-28 13:40:32,AUEsCrSHz21WmibhBm9UN3Ka7yRxMnxsBcS9Df5uaMfS,,reject,0,no traction,61,3495,0.0,0,0,0,0.0,2.26,False,0,0.0,2.26,0.0,False,False,False,False,,https://pump.fun/coin/AUEsCrSHz21WmibhBm9UN3Ka7yRxMnxsBcS9Df5uaMfS
2026-09-28 13:40:37,9gzznXbRJe1x2be4pgf6UMCpxwmSZiaPuA7gHaqAaSwZ,Eidex,reject,0,dev holds 18.0%,30,5604,40.4,37,37,17,8.803,18.0,False,8,7.86,32.81,0.0,True,False,False,True,,https://pump.fun/coin/9gzznXbRJe1x2be4pgf6UMCpxwmSZiaPuA7gHaqAaSwZ
2026-09-28 13:40:40,26NnGx7Za7RmRhDhEehrr8pcFHRAJUXQBiWL99Gjpump,ZARVIS,reject,0,dev sold,30,3351,-0.6,2,2,1,0.004,0.35,True,0,0.0,0.37,0.0,True,True,False,False,,https://pump.fun/coin/26NnGx7Za7RmRhDhEehrr8pcFHRAJUXQBiWL99Gjpump
2026-09-28 13:40:43,H52YfbL11EuZmKPSGrbNxHn99Zzij3pYwviWPkwSpump,PODCAT,reject,0,dev sold,30,4162,22.6,2,7,7,0.0,0.71,True,1,0.38,1.09,0.0,False,False,False,False,,https://pump.fun/coin/H52YfbL11EuZmKPSGrbNxHn99Zzij3pYwviWPkwSpump
2026-09-28 13:40:45,AjTJ4Tf2aG3Z76jWUru4nfzWgZRr9u6JTeKANy6mpump,LMAO,reject,0,dev sold,31,569,-83.1,3,10,11,0.0,0.35,True,1,0.0,0.35,0.0,False,False,False,False,,https://pump.fun/coin/AjTJ4Tf2aG3Z76jWUru4nfzWgZRr9u6JTeKANy6mpump
2026-09-28 13:41:00,HutHoWyHMbvUCacvWULb6nb2DVc2GiitPYsX1ELVpump,LMAO,reject,0,dev sold,30,324,-90.4,5,31,29,0.264,0.35,True,1,1.46,12.66,0.0,False,False,False,False,,https://pump.fun/coin/HutHoWyHMbvUCacvWULb6nb2DVc2GiitPYsX1ELVpump
2026-09-28 13:41:02,5L4crm5AAxpZPAx7JKRmYTgRkM13Yo7jaDjeZc3ypump,Rc pump,reject,0,dev sold,30,62,-98.2,12,35,38,0.032,0.21,True,0,0.0,10.29,0.0,False,False,False,False,,https://pump.fun/coin/5L4crm5AAxpZPAx7JKRmYTgRkM13Yo7jaDjeZc3ypump
2026-09-28 13:41:20,D5W3oChHwXSyckrjBgBghJMvkrLXrh5em9bC3kQ9nRW,AYKBMP,reject,0,dev sold,30,3350,-6.3,1,1,1,0.0,3.42,True,0,0.0,3.42,0.0,True,True,False,False,,https://pump.fun/coin/D5W3oChHwXSyckrjBgBghJMvkrLXrh5em9bC3kQ9nRW
2026-09-28 13:41:22,3NZQzjsnTcR5epKtDxW2JPoSd39ccFwJsXy6eQaHpump,STELLA,reject,0,dev holds 19.1%,30,4036,0.0,1,1,0,2.93,19.1,False,0,0.0,19.1,0.0,False,False,False,False,,https://pump.fun/coin/3NZQzjsnTcR5epKtDxW2JPoSd39ccFwJsXy6eQaHpump
2026-09-28 13:41:22,877xXuTyLvtzCBkUyMqRdebkNS2FdKEuVikejF5spump,PODCAT,reject,0,dev sold,30,11080,226.4,3,15,6,0.0,0.71,True,1,1.62,2.33,0.0,False,False,False,False,,https://pump.fun/coin/877xXuTyLvtzCBkUyMqRdebkNS2FdKEuVikejF5spump
2026-09-28 13:41:27,BWyP8JBLbYXM9AXJsueKSSQ9nfjhXS1rPUC6DDmypump,BARBIE,reject,0,dev sold,31,48613,1345.5,5,32,17,0.015,0.21,True,1,1.35,1.58,0.0,False,False,False,False,,https://pump.fun/coin/BWyP8JBLbYXM9AXJsueKSSQ9nfjhXS1rPUC6DDmypump
2026-09-28 13:41:29,BnL6e6o9qnkP9CvUcH9NLxKDuD8jXo2Kj5PgjRTspump,MONEY BANK,reject,0,dev holds 19.3%,30,4044,0.0,1,1,0,2.963,19.29,False,0,0.0,19.29,0.0,False,False,False,False,,https://pump.fun/coin/BnL6e6o9qnkP9CvUcH9NLxKDuD8jXo2Kj5PgjRTspump
2026-09-28 13:41:36,5ibjNoRWciQBUzj8kgcQ2rT2JPEJr8seeyhzdCYEpump,TOAD,reject,0,dev sold,31,1045,-69.0,6,29,23,0.057,0.35,True,1,0.42,1.43,0.0,False,False,False,False,,https://pump.fun/coin/5ibjNoRWciQBUzj8kgcQ2rT2JPEJr8seeyhzdCYEpump
2026-09-28 13:41:36,CMopdUGhAcMJBJKoRe3uqFHR1fs2zHUNmsjPe77seUxE,OpenShell,reject,0,dev sold,31,3350,0.0,112,141,61,0.0,0.0,True,0,0.0,13.15,0.0,True,True,False,True,,https://pump.fun/coin/CMopdUGhAcMJBJKoRe3uqFHR1fs2zHUNmsjPe77seUxE
2026-09-28 13:41:37,HrBbxnmruWEPFkM1sS3fFRWyKANnNhaeSCMykunpump,sol,reject,0,dev sold,30,5586,66.1,3,9,5,0.001,0.21,True,1,0.15,0.36,0.0,False,False,False,False,,https://pump.fun/coin/HrBbxnmruWEPFkM1sS3fFRWyKANnNhaeSCMykunpump
2026-09-28 13:41:40,D7wUbkc7nxf59erapkFwEHavBqW8YZw5Pu9AnuXpump,$GOBANANA,reject,0,dev sold,120,45,-94.9,27,192,157,0.041,0.21,True,1,22.44,37.59,0.0,False,False,False,False,,https://pump.fun/coin/D7wUbkc7nxf59erapkFwEHavBqW8YZw5Pu9AnuXpump
2026-09-28 13:41:43,DqBrHmEhvDg8G4Aidr6Rw7EVrMwZJdaL3sWNqvHypump,BUBBLE,reject,0,dev sold,30,3350,-4.5,2,2,2,0.0,2.42,True,1,0.0,2.42,0.0,False,False,False,False,,https://pump.fun/coin/DqBrHmEhvDg8G4Aidr6Rw7EVrMwZJdaL3sWNqvHypump
2026-09-28 13:41:51,2iwxrwr4oAZUUFp8PKRiQtLbVuYk1cKwGpDk7Gydpump,LANAPR,reject,0,no traction,60,3357,0.0,2,2,0,0.0,0.22,False,0,0.0,0.24,0.0,False,False,False,False,,https://pump.fun/coin/2iwxrwr4oAZUUFp8PKRiQtLbVuYk1cKwGpDk7Gydpump
2026-09-28 13:41:56,q6WC9dtsNfc1dvbgUNXwPbf6SDLkmmHk6mqRzeiBZfs,GACHACAT,buy,74.5,passed,30,9160,173.4,55,56,19,19.609,0.0,False,4,0.0,30.56,0.0,False,False,False,False,,https://pump.fun/coin/q6WC9dtsNfc1dvbgUNXwPbf6SDLkmmHk6mqRzeiBZfs
2026-09-28 13:41:58,suifhC9gU1VbJAPYPTBkHJyyyStKGLLYPVDTmPoqbvA,,reject,0,dev holds 100.0%,31,723209,0.0,0,0,0,0.0,100.0,False,0,0.0,100.0,0.0,False,False,False,False,,https://pump.fun/coin/suifhC9gU1VbJAPYPTBkHJyyyStKGLLYPVDTmPoqbvA
2026-09-28 13:42:01,HDN9PPzX1r33kVTAutsPhhRitvuVwD6dNCbja4JCpump,Grok So,reject,0,dev sold,31,3542,5.2,2,2,3,0.0,0.28,True,0,0.0,0.31,0.0,False,False,False,False,,https://pump.fun/coin/HDN9PPzX1r33kVTAutsPhhRitvuVwD6dNCbja4JCpump
2026-09-28 13:42:01,DYGDDRXC8ciYrJzGzsJBGLdCF9PJ4CKmiCsaGFmiFCsL,en/t,reject,0,dev sold,31,3350,-1.3,4,4,4,0.0,0.71,True,3,0.0,0.71,0.0,True,False,False,True,,https://pump.fun/coin/DYGDDRXC8ciYrJzGzsJBGLdCF9PJ4CKmiCsaGFmiFCsL
2026-09-28 13:42:10,2Ez4E5sJTyraELoyvwb6pq9jMqgvEHDt7Uc4ayY2pump,PODCAT,reject,0,dev sold,30,1560,-54.0,7,21,19,0.011,0.71,True,0,0.0,1.52,0.0,False,False,False,False,,https://pump.fun/coin/2Ez4E5sJTyraELoyvwb6pq9jMqgvEHDt7Uc4ayY2pump
2026-09-28 13:42:11,D1tq1F1yHw1B5cbw6bC6bxWL36CCecqBeC4845Rwpump,LMAO,reject,0,dev sold,30,1129,-66.5,2,10,11,0.0,0.35,True,1,0.0,0.35,0.0,False,False,False,False,,https://pump.fun/coin/D1tq1F1yHw1B5cbw6bC6bxWL36CCecqBeC4845Rwpump
2026-09-28 13:42:14,5JsMXkFz7L9y86iN2abgDV6u1eJXZLKBZMMBfQeepump,DOPPLER,reject,0,dev sold,60,3350,-2.7,3,3,2,0.02,1.39,True,1,0.0,1.46,0.0,True,True,False,True,,https://pump.fun/coin/5JsMXkFz7L9y86iN2abgDV6u1eJXZLKBZMMBfQeepump
2026-09-28 13:42:20,3ZJrk6ft2SQnccBdtyvNxXnVbZ4bNwKpSA5sXRTPpump,cat ,reject,0,dev sold,31,2373,-29.5,7,16,16,0.164,0.21,True,1,0.04,1.08,0.0,False,False,False,False,,https://pump.fun/coin/3ZJrk6ft2SQnccBdtyvNxXnVbZ4bNwKpSA5sXRTPpump
2026-09-28 13:42:21,7b9H9k9xaFh9SF3HxBTkRe8cjdL9JZRaAnxMGZaKpump,Zeo,reject,0,dev sold,121,431,-68.9,3,16,19,0.001,1.33,True,1,0.0,1.36,0.0,False,False,False,False,,https://pump.fun/coin/7b9H9k9xaFh9SF3HxBTkRe8cjdL9JZRaAnxMGZaKpump
2026-09-28 13:42:23,uMv1uEoEGSz7gY2Lhox4PJXmrd7dPPRnjJUjwYvpump,CERAPH,reject,0,dev sold,120,3350,-2.0,13,13,13,0.0,1.05,True,2,0.0,1.05,0.0,False,False,False,False,,https://pump.fun/coin/uMv1uEoEGSz7gY2Lhox4PJXmrd7dPPRnjJUjwYvpump
2026-09-28 13:42:25,6PhTAqtprNdLhVsB6rJYDSRriYqgsEqFv6hdBnCNpump,MINEPAD,reject,0,dev sold,30,3453,0.4,10,10,8,0.46,1.43,True,9,1.62,3.05,0.0,False,False,False,False,,https://pump.fun/coin/6PhTAqtprNdLhVsB6rJYDSRriYqgsEqFv6hdBnCNpump
2026-09-28 13:42:26,Xsc9qvGR1efVDFGLrVsmkzv3qi45LTBjeUKSPmx9qEh,OpenShell,reject,0,no traction,60,3350,0.0,0,0,0,0.0,0.0,False,0,0.0,0.0,0.0,True,True,False,True,,https://pump.fun/coin/Xsc9qvGR1efVDFGLrVsmkzv3qi45LTBjeUKSPmx9qEh
2026-09-28 13:42:28,GctPHY6ccvEkBdhSHv8FVMZLKUTQycbD14JVcjJkpump,Epstein,reject,0,dev sold,30,4326,3.8,8,8,3,4.094,11.09,True,7,13.85,24.94,0.0,True,True,False,False,,https://pump.fun/coin/GctPHY6ccvEkBdhSHv8FVMZLKUTQycbD14JVcjJkpump
2026-09-28 13:42:32,AUT9Zvt5bHSpHxWuHcusSFPFVTDMB76REzwxfBQHpump,HRMZ,reject,0,dev sold,120,522,-11.3,3,17,15,0.0,0.35,True,0,0.0,1.1,0.0,False,False,False,False,,https://pump.fun/coin/AUT9Zvt5bHSpHxWuHcusSFPFVTDMB76REzwxfBQHpump
2026-09-28 13:42:35,EBykU5nPhfoFqzS4xeqZzR6bAPf8os9hezBmXvyipump,Gmail,reject,0,dev sold,61,3350,-1.3,1,1,1,0.0,0.7,True,0,0.0,0.7,0.0,False,False,False,False,,https://pump.fun/coin/EBykU5nPhfoFqzS4xeqZzR6bAPf8os9hezBmXvyipump
2026-09-28 13:42:36,BSPduuHWXohSmMcKL19cJLJzYSGkhM6wwmZ1AWFupump,SIFT,reject,0,dev sold,120,3350,-13.6,17,17,17,0.0,2.75,True,2,0.0,2.75,0.0,False,False,False,False,,https://pump.fun/coin/BSPduuHWXohSmMcKL19cJLJzYSGkhM6wwmZ1AWFupump
2026-09-28 13:42:37,6nEnr8rn9FaYwU8spoDFmJMn2YRwsnzYw9QnwaVcpump,OTTER,reject,0,dev sold,31,8651,156.6,9,32,21,0.013,0.35,True,1,0.0,1.45,0.0,False,False,False,False,,https://pump.fun/coin/6nEnr8rn9FaYwU8spoDFmJMn2YRwsnzYw9QnwaVcpump
2026-09-28 13:42:38,6Wjn2YpmAQEuezxazK6tFipBZhdfPiyTNGnBTD3hpump,HOOD,reject,0,dev sold,30,1876,-44.7,4,11,11,0.0,0.7,True,0,0.0,1.22,0.0,False,False,False,False,,https://pump.fun/coin/6Wjn2YpmAQEuezxazK6tFipBZhdfPiyTNGnBTD3hpump
2026-09-28 13:42:39,GPfdyY3Bgtav7ocnhfaX72dxRVcyknpAnxpBGTfzpump,Dog Coin,reject,0,dev sold,30,4347,29.3,3,12,9,0.0,0.21,True,0,0.0,0.59,0.0,False,False,False,False,,https://pump.fun/coin/GPfdyY3Bgtav7ocnhfaX72dxRVcyknpAnxpBGTfzpump
2026-09-28 13:42:40,BCE1dvU4nfZQ5V7r7EVLyj4ASVHevZgBW27afr9664b9,TEST,reject,0,no traction,60,3350,0.0,0,0,0,0.0,0.0,False,0,0.0,0.0,0.0,False,False,False,False,,https://pump.fun/coin/BCE1dvU4nfZQ5V7r7EVLyj4ASVHevZgBW27afr9664b9
2026-09-28 13:42:41,Hsd3jJRn5kpyg2HVSoNKAJLBq2eCYC3HPTvCrvwwpump,wApe,reject,0,dev sold,30,3758,11.7,2,5,4,0.0,0.21,True,1,0.07,0.28,0.0,False,False,False,False,,https://pump.fun/coin/Hsd3jJRn5kpyg2HVSoNKAJLBq2eCYC3HPTvCrvwwpump
2026-09-28 13:42:47,B15VdvfxquiBtaCf45h7HbEgdcCrhNPkSkgLswYzpump,AURA,reject,0,dev sold,120,8454,9.5,3,12,3,0.698,0.21,True,0,0.0,2.45,0.0,False,False,False,False,,https://pump.fun/coin/B15VdvfxquiBtaCf45h7HbEgdcCrhNPkSkgLswYzpump
2026-09-28 13:42:47,HhXLWEeKKdqKZtQaRiTQSm3M93iL9BHCnYHof3Lnpump,Grok So,reject,0,dev sold,60,3407,-0.5,2,5,5,0.0,0.28,True,0,0.0,0.39,0.0,False,False,False,False,,https://pump.fun/coin/HhXLWEeKKdqKZtQaRiTQSm3M93iL9BHCnYHof3Lnpump
2026-09-28 13:42:48,1RWFr3L6BNUqyxvMXLf274U6umDjbDy7JM2Rm9gbhZ6,UPDATE,reject,0,no traction,60,3350,0.0,1,1,0,0.001,0.01,False,0,0.0,0.01,0.0,True,True,False,True,,https://pump.fun/coin/1RWFr3L6BNUqyxvMXLf274U6umDjbDy7JM2Rm9gbhZ6
2026-09-28 13:42:48,EZSckwwjGC6HgvKNFtwsWg3T7Vb4fL6Wya3M9anXmQXk,UPDATE,reject,0,no traction,60,3352,0.0,1,1,0,0.01,0.0,False,0,0.0,0.04,0.0,True,True,False,True,,https://pump.fun/coin/EZSckwwjGC6HgvKNFtwsWg3T7Vb4fL6Wya3M9anXmQXk
2026-09-28 13:42:48,8Ha5kvjr656UEmpFgUmvDd6Ckza5GBQMBRvyQjk9haD3,UPDATE,reject,0,no traction,60,3350,0.0,0,0,0,0.0,0.0,False,0,0.0,0.0,0.0,True,True,False,True,,https://pump.fun/coin/8Ha5kvjr656UEmpFgUmvDd6Ckza5GBQMBRvyQjk9haD3
2026-09-28 13:42:48,9YGfx8C3hwsAbhfFhqs4SCdbTZgmndx1hv14HdcK2m7D,UPDATE,reject,0,no traction,60,3350,0.0,0,0,0,0.0,0.0,False,0,0.0,0.0,0.0,True,True,False,True,,https://pump.fun/coin/9YGfx8C3hwsAbhfFhqs4SCdbTZgmndx1hv14HdcK2m7D
2026-09-28 13:42:49,CgaXJzGHFeqa87moAv2wkcYLEYLk4vF1musy2SrF31XF,UPDATE,reject,0,no traction,61,3350,0.0,0,0,0,0.0,0.0,False,0,0.0,0.0,0.0,True,True,False,True,,https://pump.fun/coin/CgaXJzGHFeqa87moAv2wkcYLEYLk4vF1musy2SrF31XF
2026-09-28 13:42:49,2Yj1R2pLgVJr1r3Ac1ESCMmPXe3Rg5saaC7kLwTwNPPJ,UPDATE,reject,0,no traction,61,3350,0.0,0,0,0,0.0,0.0,False,0,0.0,0.0,0.0,False,False,False,False,,https://pump.fun/coin/2Yj1R2pLgVJr1r3Ac1ESCMmPXe3Rg5saaC7kLwTwNPPJ
2026-09-28 13:42:49,EjvFq7ijfxEHtELTnLx5j1WAefBWVeXiTNyXcDuwpbJg,UPDATE,reject,0,no traction,61,3350,0.0,0,0,0,0.0,0.0,False,0,0.0,0.0,0.0,False,False,False,False,,https://pump.fun/coin/EjvFq7ijfxEHtELTnLx5j1WAefBWVeXiTNyXcDuwpbJg
2026-09-28 13:42:49,ACqwjawM3ZHsWTYb1dmFGDyvqbAYuM4gxzgGwvD795zf,UPDATE,reject,0,no traction,61,3350,0.0,0,0,0,0.0,0.0,False,0,0.0,0.0,0.0,False,False,False,False,,https://pump.fun/coin/ACqwjawM3ZHsWTYb1dmFGDyvqbAYuM4gxzgGwvD795zf
2026-09-28 13:42:49,DYUwCz4ZqQP2teGDi3pnikskaZe61NRCCLN6xkL9Djgt,UPDATE,reject,0,no traction,61,3350,0.0,0,0,0,0.0,0.0,False,0,0.0,0.0,0.0,False,False,False,False,,https://pump.fun/coin/DYUwCz4ZqQP2teGDi3pnikskaZe61NRCCLN6xkL9Djgt
2026-09-28 13:42:49,Hgep2CdA6VgPZikibUh7tcR3pQpLgZoRHRjwc5fPVwSz,UPDATE,reject,0,no traction,60,3350,0.0,0,0,0,0.0,0.0,False,0,0.0,0.0,0.0,False,False,False,False,,https://pump.fun/coin/Hgep2CdA6VgPZikibUh7tcR3pQpLgZoRHRjwc5fPVwSz
2026-09-28 13:42:55,METvsvVRapdj9cFLzq4Tr43xK4tAjQfwX76z3n6mWQL,ROCK,reject,0,no traction,61,3350,0.0,0,0,0,0.0,0.0,False,0,0.0,0.0,0.0,True,True,False,True,,https://pump.fun/coin/METvsvVRapdj9cFLzq4Tr43xK4tAjQfwX76z3n6mWQL
2026-09-28 13:42:58,Xsc9qvGR1efVDFGLrVsmkzv3qi45LTBjeUKSPmx9qEh,,reject,0,dev holds 100.0%,31,723209,0.0,0,0,0,0.0,100.0,False,0,0.0,100.0,0.0,False,False,False,False,,https://pump.fun/coin/Xsc9qvGR1efVDFGLrVsmkzv3qi45LTBjeUKSPmx9qEh
2026-09-28 13:43:00,J2jqkEujsffx5rwXwE3fX6y6JdGNBYi6yDaWMTkGpump,TDM,reject,0,dev sold,30,3588,-5.7,10,10,7,1.048,6.63,True,4,0.0,10.25,0.0,False,False,False,False,,https://pump.fun/coin/J2jqkEujsffx5rwXwE3fX6y6JdGNBYi6yDaWMTkGpump
2026-09-28 13:43:02,HzCULbRYRnwaTPA6CtuXMYrWfVuy8HFxwLvc1DFrpump,$AURA,reject,0,dev sold,30,10330,206.4,12,71,43,0.073,0.35,True,2,3.01,3.74,0.0,False,False,False,False,,https://pump.fun/coin/HzCULbRYRnwaTPA6CtuXMYrWfVuy8HFxwLvc1DFrpump
2026-09-28 13:43:03,26NoEjEWBZsGwxa27bWtPkHhr6Cij1LUH1Bm9afrpump,LINKED,reject,0,no traction,60,4815,39.1,2,2,0,0.687,3.47,False,0,0.0,4.14,0.0,True,True,False,False,,https://pump.fun/coin/26NoEjEWBZsGwxa27bWtPkHhr6Cij1LUH1Bm9afrpump
2026-09-28 13:43:03,ByFqmL8m6RdyNbA8pFAhDvAC9c9CyQi44jN3o9Dcpump,BRUSH,reject,0,dev sold,30,3350,-9.2,2,2,2,0.0,5.05,True,1,0.0,5.05,0.0,True,False,False,True,,https://pump.fun/coin/ByFqmL8m6RdyNbA8pFAhDvAC9c9CyQi44jN3o9Dcpump
2026-09-28 13:43:04,AQVAoK5UCbkqoN9sHyGQ2eepM6DxYzoAscN69bHtpump,LMAO,reject,0,no traction,61,1218,71.7,2,21,16,0.213,2.49,False,0,0.0,5.55,0.0,False,False,False,False,,https://pump.fun/coin/AQVAoK5UCbkqoN9sHyGQ2eepM6DxYzoAscN69bHtpump
2026-09-28 13:43:06,99rPN9h2HaToLvSUxyZFHAsRm79wVheVv3qa92DDpump,10MIN,reject,0,no traction,60,3350,0.0,1,1,0,0.002,0.01,False,0,0.0,0.01,0.0,False,False,False,True,,https://pump.fun/coin/99rPN9h2HaToLvSUxyZFHAsRm79wVheVv3qa92DDpump
2026-09-28 13:43:07,FdARr2GnWLkx75Tcerz4fKF6F3oafP5UJRGJ4zUtpump,HRMZ,reject,0,dev sold,61,491,-81.5,3,21,23,0.0,0.35,True,1,0.8,1.15,0.0,False,False,False,False,,https://pump.fun/coin/FdARr2GnWLkx75Tcerz4fKF6F3oafP5UJRGJ4zUtpump
2026-09-28 13:43:07,34faxBZdPGijXSo7UABJpvRF8quRuwVbuKz2mkwXNUDZ,SI,reject,0,dev sold,31,3350,0.0,2,2,1,0.0,0.0,True,0,0.0,4.02,0.0,True,True,False,True,,https://pump.fun/coin/34faxBZdPGijXSo7UABJpvRF8quRuwVbuKz2mkwXNUDZ
2026-09-28 13:43:07,9VEPQUzPBFLAmr7ffEjfwJ2FXy2N46HxgYbWTb6Wpump,OBIVION,reject,0,dev sold,30,3416,-2.7,3,3,3,0.295,2.48,True,1,0.0,3.53,0.0,False,False,False,False,,https://pump.fun/coin/9VEPQUzPBFLAmr7ffEjfwJ2FXy2N46HxgYbWTb6Wpump
2026-09-28 13:43:10,G58brtJND3JRZdxkfDrUqJ4jH3k89d8Wk7iV4uKS8Rpc,ZEN,reject,0,dev sold,31,3350,0.0,3,3,2,0.0,0.0,True,2,4.73,4.73,0.0,True,True,False,True,,https://pump.fun/coin/G58brtJND3JRZdxkfDrUqJ4jH3k89d8Wk7iV4uKS8Rpc
2026-09-28 13:43:10,5vxcPiA6FRztTayucCmY9Ew4eGVnmboEo6qVRBqifvHm,TEST,reject,0,dev sold,30,3350,-0.1,4,4,3,0.0,0.04,True,2,0.0,0.04,0.0,True,False,False,False,,https://pump.fun/coin/5vxcPiA6FRztTayucCmY9Ew4eGVnmboEo6qVRBqifvHm
2026-09-28 13:43:17,7UVv83Rmv9w5y8x4o3ZQ1QnUPvcWPk8VFLrVQY5apump,HOOD,reject,0,dev sold,30,3976,16.8,2,3,3,0.0,0.84,True,0,0.0,1.22,0.0,False,False,False,False,,https://pump.fun/coin/7UVv83Rmv9w5y8x4o3ZQ1QnUPvcWPk8VFLrVQY5apump
2026-09-28 13:43:19,Uwm5wNL529WLKW1NbKKdAYEJibZgVAPCX2s5Wbpmz2U,PBX,reject,0,dev holds 18.2%,31,5756,43.9,19,19,7,9.324,18.2,False,6,8.41,34.54,0.0,True,False,False,False,,https://pump.fun/coin/Uwm5wNL529WLKW1NbKKdAYEJibZgVAPCX2s5Wbpmz2U
2026-09-28 13:43:25,FeM6TcHrtDbizK7sTh459YLHoftqxbFLeVuXJHDbpump,Clava,reject,0,dev sold,30,4645,33.5,59,60,54,5.326,2.0,True,23,0.87,18.16,0.0,False,False,False,False,,https://pump.fun/coin/FeM6TcHrtDbizK7sTh459YLHoftqxbFLeVuXJHDbpump
2026-09-28 13:43:30,Fb15txkEWZzTUu4yUGAvRecYzzcBK3uTwZ1gXNnupump,INUX,reject,0,dev sold,31,3729,10.6,3,19,11,0.0,0.35,True,2,0.57,0.92,0.0,False,False,False,False,,https://pump.fun/coin/Fb15txkEWZzTUu4yUGAvRecYzzcBK3uTwZ1gXNnupump
2026-09-28 13:43:35,FfuQMthagxe31swP9cLKLiLSiCAgqD79bdJQHmJKUSxa,ALH,reject,0,dev holds 10.1%,31,3465,-6.1,18,19,3,0.51,10.1,False,3,0.17,11.89,0.0,False,False,False,False,,https://pump.fun/coin/FfuQMthagxe31swP9cLKLiLSiCAgqD79bdJQHmJKUSxa
2026-09-28 13:43:35,6jfQafE85vGmbq5wbUUcSPdQXLorhSxCfajJzidwEs32,SHADOW,reject,0,dev sold,30,6302,42.2,45,48,23,11.147,14.0,True,8,10.54,37.01,0.0,True,True,False,True,,https://pump.fun/coin/6jfQafE85vGmbq5wbUUcSPdQXLorhSxCfajJzidwEs32
2026-09-28 13:43:43,4mBu6CESJkGjQZ4fR9Arj9CBgL1Es8F7zy55toBzpump,VBUCKS,reject,0,dev sold,61,3350,-0.1,1,1,1,0.0,0.04,True,0,0.0,0.04,0.0,False,False,False,False,,https://pump.fun/coin/4mBu6CESJkGjQZ4fR9Arj9CBgL1Es8F7zy55toBzpump
2026-09-28 13:43:43,DfKhUEjhs4vYoyhBH9YSNVD9sEEAnQVnsdRfWmC7bvmr,THEMO,reject,0,bundled: 4 launch wallets own 16%,60,530,-3.3,13,53,50,0.161,4.85,False,4,15.92,20.76,0.0,False,False,False,False,,https://pump.fun/coin/DfKhUEjhs4vYoyhBH9YSNVD9sEEAnQVnsdRfWmC7bvmr
2026-09-28 13:43:47,Fcw4xUSYPJjt7Xxq4w7DEoLou7KqQT64ogqFVkTRpump,song,reject,0,dev sold,30,877,-74.0,8,45,29,0.045,0.35,True,1,0.0,1.68,0.0,False,False,False,False,,https://pump.fun/coin/Fcw4xUSYPJjt7Xxq4w7DEoLou7KqQT64ogqFVkTRpump
2026-09-28 13:43:50,2eGyCQHUfQ8USTBM6JidpqxGqEn4x78xqnG6zMVvpump,TL,reject,0,dev sold,30,4749,39.9,2,5,2,0.0,0.71,True,1,0.3,1.01,0.0,False,False,False,False,,https://pump.fun/coin/2eGyCQHUfQ8USTBM6JidpqxGqEn4x78xqnG6zMVvpump
2026-09-28 13:43:50,2tPeRzsdxqpxobaVocy8hZKnAndiu78JH6g631rSpump,DERP,reject,0,dev sold,30,4716,40.2,2,3,2,0.0,0.21,True,1,0.09,0.3,0.0,False,False,False,False,,https://pump.fun/coin/2tPeRzsdxqpxobaVocy8hZKnAndiu78JH6g631rSpump
2026-09-28 13:43:52,5rgN8YVDZCYQWgi5ZLLQdCT1DCHrtMGdTmqvdFWepump,Dog Coin,reject,0,top10 hold 96%,61,44,-85.2,23,115,95,0.146,0.42,False,0,0.0,96.02,0.0,False,False,False,False,,https://pump.fun/coin/5rgN8YVDZCYQWgi5ZLLQdCT1DCHrtMGdTmqvdFWepump
2026-09-28 13:43:52,6pj5tMp2mjN34BqQRbaQb9dyrb7HXVcmdbvWTAHMpump,Gmail,reject,0,no traction,60,3394,0.0,1,1,0,0.198,1.4,False,0,0.0,1.4,0.0,False,False,False,False,,https://pump.fun/coin/6pj5tMp2mjN34BqQRbaQb9dyrb7HXVcmdbvWTAHMpump
2026-09-28 13:43:57,9XWxbbZSLRa2nzrFr7BztK2t9m6bNBEdcWhYhzCQpump,DOOB,reject,0,dev sold,240,326,-81.8,4,62,54,0.0,0.35,True,0,0.0,1.39,0.0,False,False,False,False,,https://pump.fun/coin/9XWxbbZSLRa2nzrFr7BztK2t9m6bNBEdcWhYhzCQpump
2026-09-28 13:43:57,6QarQN4B2NBXtabMkwfqMd2bjEYmHVF3dFcVPzCapump,Tower,reject,0,dev sold,30,3353,-1.7,4,4,3,0.013,0.98,True,2,0.0,1.03,0.0,False,False,False,False,,https://pump.fun/coin/6QarQN4B2NBXtabMkwfqMd2bjEYmHVF3dFcVPzCapump
2026-09-28 13:43:58,2UVu7i7Gfi4JsLZE5yBfSdcPMX4sTh1pRj4JMAMMpump,HOOD,reject,0,dev sold,30,4080,19.6,2,3,2,0.0,0.98,True,0,0.0,1.32,0.0,False,False,False,False,,https://pump.fun/coin/2UVu7i7Gfi4JsLZE5yBfSdcPMX4sTh1pRj4JMAMMpump
2026-09-28 13:44:00,B6YqWVhTAkWhF6Na2tQ2vy6HkLXFVCoU2a6dZc5Lpump,KRONK,reject,0,no traction,60,3405,0.0,1,1,0,0.248,1.76,False,0,0.0,1.76,0.0,False,False,False,False,,https://pump.fun/coin/B6YqWVhTAkWhF6Na2tQ2vy6HkLXFVCoU2a6dZc5Lpump
2026-09-28 13:44:00,J2LsEqMdYghBrybTtvEZuY7nJvsAKqD8ncpJkKTRpump,goat,reject,0,dev sold,31,9428,180.4,2,7,2,0.0,0.21,True,1,0.27,0.48,0.0,False,False,False,False,,https://pump.fun/coin/J2LsEqMdYghBrybTtvEZuY7nJvsAKqD8ncpJkKTRpump
2026-09-28 13:44:05,HU9KB1geDguyzFe8fzFed9Uk8n9j7sN8Y6HhRii1pump,HRMZ,reject,0,dev sold,61,537,-79.0,6,33,33,0.06,0.35,True,1,1.51,3.23,0.0,False,False,False,False,,https://pump.fun/coin/HU9KB1geDguyzFe8fzFed9Uk8n9j7sN8Y6HhRii1pump
2026-09-28 13:44:16,4C4tXyPZ75kALVNAieSNu2NZr2MkPubnhSf7SVt6pump,$AURA,reject,0,dev sold,30,784,-76.7,11,47,22,0.373,0.35,True,3,3.07,9.43,0.0,False,False,False,False,,https://pump.fun/coin/4C4tXyPZ75kALVNAieSNu2NZr2MkPubnhSf7SVt6pump
2026-09-28 13:44:16,DLMhaQh3zsh4hmPEgMy8ftSbf82KC4nNrtz98htXpump,GACHAPAD,reject,0,dev sold,30,3360,-11.7,22,25,24,0.047,6.63,True,5,0.0,6.79,0.0,True,False,False,True,,https://pump.fun/coin/DLMhaQh3zsh4hmPEgMy8ftSbf82KC4nNrtz98htXpump
2026-09-28 13:44:20,mkrKfb7EruMzw4Rg2TJZ7Ydtv9ik4NL4SQyMBQQpump,anon,reject,0,dev sold,241,3420,-5.6,22,22,21,0.314,3.03,True,2,1.11,4.14,0.0,False,False,False,False,,https://pump.fun/coin/mkrKfb7EruMzw4Rg2TJZ7Ydtv9ik4NL4SQyMBQQpump
2026-09-28 13:44:26,5WejGDAQDJgev829aBrBZqJWu7o9YYbYzwHo9gj4pump,MF6,reject,0,no traction,61,3352,0.0,1,1,0,0.01,0.07,False,0,0.0,0.07,0.0,False,False,False,False,,https://pump.fun/coin/5WejGDAQDJgev829aBrBZqJWu7o9YYbYzwHo9gj4pump
2026-09-28 13:44:27,FrgcCtBCJWkZcUEt3kotgSXcP4hzzNtNf6jEhUJBCopK,Viscacha,reject,0,dev sold,30,6444,59.0,68,76,44,11.61,9.75,True,18,11.91,30.47,0.0,True,True,False,True,,https://pump.fun/coin/FrgcCtBCJWkZcUEt3kotgSXcP4hzzNtNf6jEhUJBCopK
2026-09-28 13:44:30,ycJTsjrLuYaMLDGntcNbyujjHuWLqJA2RsHFGuypump,gator,reject,0,dev sold,31,1843,-45.7,4,8,10,0.002,0.71,True,2,0.0,0.73,0.0,False,False,False,False,agent,https://pump.fun/coin/ycJTsjrLuYaMLDGntcNbyujjHuWLqJA2RsHFGuypump
2026-09-28 13:44:37,4XCBb5m1xkRbTBsUVAg2yeFxYs45X48xKasRDDEjpump,sniff ,reject,0,dev holds 10.1%,31,920,-75.1,3,13,14,0.371,10.12,False,1,0.0,10.12,0.0,False,False,False,False,,https://pump.fun/coin/4XCBb5m1xkRbTBsUVAg2yeFxYs45X48xKasRDDEjpump
2026-09-28 13:44:38,3EF7QQiZCLw6ZnBQYoQwjp1CPsVqZ5yPiewYvCP3pump,$SAUL,reject,0,no traction,61,3460,0.0,2,2,1,0.489,3.44,False,1,0.0,3.44,0.0,False,False,False,False,,https://pump.fun/coin/3EF7QQiZCLw6ZnBQYoQwjp1CPsVqZ5yPiewYvCP3pump
2026-09-28 13:44:38,YtcvnXqcm35Z1SUk8tJFGekSaAN2Kbg4oXXtXempump,$SHADE,reject,0,no traction,60,3462,0.0,2,2,0,0.499,0.04,False,1,1.74,1.77,0.0,False,False,False,False,,https://pump.fun/coin/YtcvnXqcm35Z1SUk8tJFGekSaAN2Kbg4oXXtXempump
2026-09-28 13:44:42,Gp5rC1aHeT9WfAVvf6UEaEpuSzsKSt4j42Gbm4PZwVDs,ZARVIS,drop,56.7,mcap below min,241,4036,0.4,25,27,13,2.929,0.36,False,3,0.0,9.72,0.0,True,True,False,True,,https://pump.fun/coin/Gp5rC1aHeT9WfAVvf6UEaEpuSzsKSt4j42Gbm4PZwVDs
2026-09-28 13:44:46,A42GsHijN9foEaMg6d79ykmY8i4jwQGe5riKej4Lpump,MCH,reject,0,dev sold,31,6114,81.3,6,22,13,0.017,0.35,True,2,0.62,1.01,0.0,False,False,False,False,,https://pump.fun/coin/A42GsHijN9foEaMg6d79ykmY8i4jwQGe5riKej4Lpump
2026-09-28 13:44:48,8SivPX1wXDjpHxmTfTtFgDLnNBEPu51tgWpSusG8pump,DOOYET,reject,0,dev sold,30,306,-90.9,4,17,21,0.022,0.21,True,0,0.0,1.09,0.0,False,False,False,False,,https://pump.fun/coin/8SivPX1wXDjpHxmTfTtFgDLnNBEPu51tgWpSusG8pump
2026-09-28 13:44:51,BsPtBwGP2b1zRAjWqVjWRNGPoXYJng1k7ZnKrAAopump,Sol Ad,reject,0,dev sold,30,12252,264.3,2,8,3,0.0,0.21,True,1,0.34,0.55,0.0,False,False,False,False,,https://pump.fun/coin/BsPtBwGP2b1zRAjWqVjWRNGPoXYJng1k7ZnKrAAopump
2026-09-28 13:44:52,7DdJh7kAaGqeuMEcw18XCNPwsZH4XffEzTrQtdoBpump,VPAD,reject,0,dev sold,31,3550,-0.7,8,9,9,0.883,3.42,True,5,0.0,6.49,0.0,False,False,False,False,,https://pump.fun/coin/7DdJh7kAaGqeuMEcw18XCNPwsZH4XffEzTrQtdoBpump
2026-09-28 13:44:58,BFfnSXGbpCwQBao15ijHEBG5WQ8EDZ3LKMDuKN7upump,LMAO,reject,0,dev sold,60,3593,-0.9,7,19,14,0.0,0.35,True,3,0.0,0.73,0.0,False,False,False,False,,https://pump.fun/coin/BFfnSXGbpCwQBao15ijHEBG5WQ8EDZ3LKMDuKN7upump
2026-09-28 13:44:59,6WZ4jjMffmJ3fZLPUzLaYeBYZ1zfTzYPGFhj5UNrpump,gator,reject,0,dev sold,30,227,-93.3,8,31,23,0.054,0.71,True,1,0.0,3.67,0.0,False,False,False,False,agent,https://pump.fun/coin/6WZ4jjMffmJ3fZLPUzLaYeBYZ1zfTzYPGFhj5UNrpump
2026-09-28 13:45:10,B8N5EuheLntwgo1XHPDg6u31JoAWoqW1PeSpiv9hpump,MONEY BANK,reject,0,dev sold,30,3450,-14.7,2,2,2,1.326,14.47,True,0,0.0,16.3,0.0,False,False,False,False,,https://pump.fun/coin/B8N5EuheLntwgo1XHPDg6u31JoAWoqW1PeSpiv9hpump
2026-09-28 13:45:12,7W9Gz1fQYvzQWgYy7HpgB1fpztCR1SQoZ5DXkJx8pump,HRMZ,reject,0,dev sold,61,578,-82.8,2,9,11,0.0,0.35,True,0,0.0,0.35,0.0,False,False,False,False,,https://pump.fun/coin/7W9Gz1fQYvzQWgYy7HpgB1fpztCR1SQoZ5DXkJx8pump
2026-09-28 13:45:14,F5N8vR951r7UECnQ2FW3fFAupsXJve9UkoToWAFLpump,HOOD,reject,0,no traction,61,1798,6.0,2,8,5,0.166,2.24,False,0,0.0,2.71,0.0,False,False,False,False,,https://pump.fun/coin/F5N8vR951r7UECnQ2FW3fFAupsXJve9UkoToWAFLpump
2026-09-28 13:45:16,B3L4Y5r9TXBGokq2bNjhVbYLmJFZWPVePfDUGtw6m68s,Viscacha Lago,reject,0,dev sold,30,3928,3.1,26,32,22,2.486,6.71,True,15,0.0,14.92,0.0,True,True,False,False,,https://pump.fun/coin/B3L4Y5r9TXBGokq2bNjhVbYLmJFZWPVePfDUGtw6m68s
2026-09-28 13:45:17,7n58Rebj7Q5uki8vWADxswTsbxv95XQda3bLJr19pump,SCRAPS,reject,0,dev sold,31,3350,-0.1,1,1,1,0.0,0.04,True,0,0.0,0.04,0.0,True,False,True,True,,https://pump.fun/coin/7n58Rebj7Q5uki8vWADxswTsbxv95XQda3bLJr19pump
2026-09-28 13:45:21,26Npz8ff12CG8yYNrQzXsFD3EP9yZCcjcvL7wFdupump,Si,reject,0,dev sold,31,466,-86.2,2,9,15,0.0,0.35,True,0,0.0,0.64,0.0,False,False,False,False,,https://pump.fun/coin/26Npz8ff12CG8yYNrQzXsFD3EP9yZCcjcvL7wFdupump
2026-09-28 13:45:21,55Mo2ogq2KhGX536DSCEp4QcPYQXCRD6JXx8QFvATQ59,SHADOW,reject,0,dev sold,30,3672,-9.4,29,29,27,1.409,9.75,True,9,0.0,14.57,0.0,True,True,False,True,,https://pump.fun/coin/55Mo2ogq2KhGX536DSCEp4QcPYQXCRD6JXx8QFvATQ59
2026-09-28 13:45:23,CqWR3mmHEQhgAV8zjrHfgBHaQnLL8jqQLsrftmuLpump,Dog Think,reject,0,dev sold,30,153,-95.5,9,36,27,0.053,0.35,True,1,0.0,7.4,0.0,False,False,False,False,,https://pump.fun/coin/CqWR3mmHEQhgAV8zjrHfgBHaQnLL8jqQLsrftmuLpump
2026-09-28 13:45:24,5ru5rr8At8bnTCEPAVh7XawRHNDHUu8N3aTedS9rpump,$TEET,drop,11.2,mcap below min,240,3631,0.0,3,9,5,0.075,0.49,False,0,0.0,0.92,0.0,False,False,False,False,,https://pump.fun/coin/5ru5rr8At8bnTCEPAVh7XawRHNDHUu8N3aTedS9rpump
2026-09-28 13:45:26,HP8iTpWDg5eWgHo8tgXqhqX18Nfxja8YeV4ppPPFwTXt,MUSKPHIL,drop,33.0,mcap below min,240,3470,-0.1,18,18,11,0.533,3.48,False,3,0.0,3.61,0.0,True,True,False,False,,https://pump.fun/coin/HP8iTpWDg5eWgHo8tgXqhqX18Nfxja8YeV4ppPPFwTXt
2026-09-28 13:45:27,898xji99XToz5vqe83JJRdWCSriYghzNcbEBB4tudxUF,PhiCat,reject,0,dev sold,31,3350,-6.3,20,20,20,0.0,3.46,True,9,0.0,3.46,0.0,True,True,False,True,,https://pump.fun/coin/898xji99XToz5vqe83JJRdWCSriYghzNcbEBB4tudxUF
2026-09-28 13:45:29,HtSZ5kr3PYbzCqWuyRpGYGBx29xRJg5Ga1yE4MMxpump,STONKGUYS,reject,0,dev sold,31,3509,-0.4,9,9,5,0.707,2.69,True,4,0.0,5.16,0.0,False,False,False,False,,https://pump.fun/coin/HtSZ5kr3PYbzCqWuyRpGYGBx29xRJg5Ga1yE4MMxpump
2026-09-28 13:45:36,CvCxGbc9rZTamiixWa4yHQW7Bz6wbrVS4RYeSJd8pump,SWORDDOG,reject,0,dev sold,30,4290,19.3,6,6,2,3.951,3.76,True,0,0.0,16.24,0.0,False,False,False,False,,https://pump.fun/coin/CvCxGbc9rZTamiixWa4yHQW7Bz6wbrVS4RYeSJd8pump
2026-09-28 13:45:37,8LnUz3XrUHbWJkV48wEumRGtscAfn31dDm9FGAEMpump,DOOB,reject,0,dev sold,120,236,-40.6,3,17,22,0.0,0.35,True,0,0.0,2.13,0.0,False,False,False,False,,https://pump.fun/coin/8LnUz3XrUHbWJkV48wEumRGtscAfn31dDm9FGAEMpump
2026-09-28 13:45:37,Ccv4k6gfqCxNesqSkr5V2eWgvVoQ53iWBsBs5PHKj996,COS,reject,0,dev sold,31,3689,-9.0,11,15,15,1.481,9.75,True,4,0.0,14.8,0.0,True,True,False,True,,https://pump.fun/coin/Ccv4k6gfqCxNesqSkr5V2eWgvVoQ53iWBsBs5PHKj996
2026-09-28 13:45:37,GMw8z7EQPGfyT4uM3Dga8AApWfF1aSghnKskUEZ5pump,VRDX,reject,0,dev sold,31,3439,-3.7,6,6,2,0.397,3.39,True,4,1.4,4.8,0.0,False,False,False,False,,https://pump.fun/coin/GMw8z7EQPGfyT4uM3Dga8AApWfF1aSghnKskUEZ5pump
2026-09-28 13:45:38,8ThWhhAYnbcziaKYMHq5GcWeeFkYd8BFS2BZvghmg9wd,Aurora,reject,0,dev sold,31,14577,259.6,232,261,150,32.581,9.75,True,15,11.69,33.34,0.0,False,False,False,False,,https://pump.fun/coin/8ThWhhAYnbcziaKYMHq5GcWeeFkYd8BFS2BZvghmg9wd
2026-09-28 13:45:38,8vg7bi7Yjr4cJZxNWrsc9MCyyN2hEmJF1nJtrnncpump,FORUM,reject,0,dev sold,30,3400,-1.1,18,18,17,0.226,1.38,True,11,0.0,2.18,0.0,False,False,False,False,,https://pump.fun/coin/8vg7bi7Yjr4cJZxNWrsc9MCyyN2hEmJF1nJtrnncpump
2026-09-28 13:45:39,6kZFAAstBZ3Hwk8U3cHMfmmH4qqfJKQGyXUhxmagCz9y,SEN,reject,0,dev sold,30,3350,-0.3,2,2,2,0.0,0.18,True,1,0.0,0.18,0.0,False,False,False,False,,https://pump.fun/coin/6kZFAAstBZ3Hwk8U3cHMfmmH4qqfJKQGyXUhxmagCz9y
2026-09-28 13:45:42,4XpZhgzaFCsyFW1ggxvtpmm4soszvdJUhgb55ZN3pump,m/ep,reject,0,dev sold,30,624,-81.6,7,17,16,0.004,0.71,True,0,0.0,0.81,0.0,False,False,False,False,,https://pump.fun/coin/4XpZhgzaFCsyFW1ggxvtpmm4soszvdJUhgb55ZN3pump
2026-09-28 13:45:44,QGnEefw9iiy3y2uJtCUceh8vsPFtjY6ATMAriECpump,EACC,reject,0,dev sold,120,675,-79.6,6,75,61,0.006,0.21,True,0,0.0,2.49,0.0,False,False,False,False,,https://pump.fun/coin/QGnEefw9iiy3y2uJtCUceh8vsPFtjY6ATMAriECpump
2026-09-28 13:45:47,CE9naR36pupAdQ1jhSb1q14HEQA6ZXPq4Rtnm5Qhpump,pruple,reject,0,dev sold,31,430,-87.3,5,35,22,0.06,0.35,True,2,0.02,2.04,0.0,False,False,False,False,,https://pump.fun/coin/CE9naR36pupAdQ1jhSb1q14HEQA6ZXPq4Rtnm5Qhpump
2026-09-28 13:45:50,6LPdUsukFdKHRGvC332GgWP2G1X4mU6e7ytddFQ2pump,Grok,reject,0,dev holds 158.6%,30,49228,0.0,1,1,0,85.005,158.62,False,0,0.0,158.62,0.0,False,False,False,False,,https://pump.fun/coin/6LPdUsukFdKHRGvC332GgWP2G1X4mU6e7ytddFQ2pump
2026-09-28 13:45:50,3PoESnyvjLEHpbYRoJXvjmFZ5NGxK3RLmzmQyhbTkkuN,Viscacha,reject,0,dev sold,30,4366,14.6,20,20,14,4.249,6.71,True,4,8.33,20.02,0.0,False,False,False,False,,https://pump.fun/coin/3PoESnyvjLEHpbYRoJXvjmFZ5NGxK3RLmzmQyhbTkkuN
2026-09-28 13:45:57,2LFMrjwP577cgA9QEQ894U2DY93QM4C84ujLzGzNpVPN,AURORA,reject,0,dev sold,31,3724,-18.3,24,52,41,1.631,15.33,True,5,0.0,20.86,0.0,True,True,False,False,,https://pump.fun/coin/2LFMrjwP577cgA9QEQ894U2DY93QM4C84ujLzGzNpVPN
2026-09-28 13:45:58,8z3dZEV8rLiQbsmM3ZWTkJY59mewiYFjvMH3sBZ2pump,MARBLE,reject,0,dev sold,30,3421,-4.0,8,8,7,0.319,3.25,True,7,1.13,4.38,0.0,False,False,False,False,,https://pump.fun/coin/8z3dZEV8rLiQbsmM3ZWTkJY59mewiYFjvMH3sBZ2pump
2026-09-28 13:46:01,AkRX1xEAtJWtyQY2SacaXniTAb3Kh6eVSg8CtHHro82L,FULLSEND,drop,21.7,mcap below min,241,3352,-0.0,15,15,9,0.01,0.03,False,1,0.0,0.04,0.0,False,False,False,False,,https://pump.fun/coin/AkRX1xEAtJWtyQY2SacaXniTAb3Kh6eVSg8CtHHro82L
2026-09-28 13:46:04,EdzaKNony4vgY962ooFgxjMX5LuNXnEsrJvZLR4k2dDB,QUA,reject,0,dev holds 12.4%,30,325,-90.5,9,21,17,0.375,12.41,False,3,0.0,20.7,0.0,False,False,False,False,quant,https://pump.fun/coin/EdzaKNony4vgY962ooFgxjMX5LuNXnEsrJvZLR4k2dDB
2026-09-28 13:46:05,26NqXG1V1kbHjykMBPToZRAWDCpYzz2R5zZXNBS9pump,Sky,reject,0,dev sold,30,455,-86.8,6,26,20,0.126,1.74,True,0,0.0,7.29,0.0,False,False,False,False,,https://pump.fun/coin/26NqXG1V1kbHjykMBPToZRAWDCpYzz2R5zZXNBS9pump
2026-09-28 13:46:06,AEJ6qei9x7haxtPoDW46ttrc6rFBimg3xoenEGZqpump,PENNY,reject,0,dev sold,31,3414,-3.1,4,4,4,0.288,2.69,True,3,1.02,3.71,0.0,False,False,False,False,,https://pump.fun/coin/AEJ6qei9x7haxtPoDW46ttrc6rFBimg3xoenEGZqpump
2026-09-28 13:46:07,AobKM7ayfc192WVW4BVXFkhst6YufwwZea9unx4Ppump,Viscacha,reject,0,dev sold,30,3350,-24.4,17,17,17,0.0,13.99,True,6,0.0,13.99,0.0,True,True,False,True,,https://pump.fun/coin/AobKM7ayfc192WVW4BVXFkhst6YufwwZea9unx4Ppump
2026-09-28 13:46:11,EgMZR6itkCZs56GNUXWRBoxN2UQSYLvx43gfX9Cdpump,PLACE,reject,0,dev sold,60,3875,3.3,14,14,2,2.268,3.42,True,0,0.0,10.96,0.0,False,False,False,False,,https://pump.fun/coin/EgMZR6itkCZs56GNUXWRBoxN2UQSYLvx43gfX9Cdpump
2026-09-28 13:46:11,HwDikMvD8CtEPGzixZm9rBTTuEuVHjBYkCtdqNHHpump,crump,reject,0,bundled: 6 launch wallets own 73%,31,34523,927.2,28,28,2,66.31,0.35,False,6,72.94,74.04,0.0,False,False,False,False,trump,https://pump.fun/coin/HwDikMvD8CtEPGzixZm9rBTTuEuVHjBYkCtdqNHHpump
2026-09-28 13:46:15,ArS5KMNYwmJ6SNAVZEd5TkQ2DKmrAfH7Eq9JgmnaJZzx,PM,reject,0,dev sold,31,3350,-21.9,10,15,15,0.0,12.49,True,8,0.0,12.49,0.0,True,True,False,False,,https://pump.fun/coin/ArS5KMNYwmJ6SNAVZEd5TkQ2DKmrAfH7Eq9JgmnaJZzx
2026-09-28 13:46:16,6UuvT6ZBpRrfyWJt2UQPk3A24xpy3mmBKMaQb3nwpump,uinhim,reject,0,dev sold,31,6485,91.1,4,46,19,0.006,0.69,True,2,1.36,2.07,0.0,False,False,False,False,,https://pump.fun/coin/6UuvT6ZBpRrfyWJt2UQPk3A24xpy3mmBKMaQb3nwpump
2026-09-28 13:46:18,48GSbNCWtGnDtkaEZYaqXdMbp696GehroPfZtSyupump,CHADAPE,reject,0,bundled: 6 launch wallets own 20%,31,5482,56.9,17,17,2,8.379,4.5,False,6,19.76,25.67,0.0,False,False,False,False,,https://pump.fun/coin/48GSbNCWtGnDtkaEZYaqXdMbp696GehroPfZtSyupump
2026-09-28 13:46:18,CykjtPm3cc98hBwTiqjyatSUEiCdxdMwbeFRWocm9gYj,Aurora,reject,0,dev sold,31,3350,-17.4,8,8,9,0.0,9.75,True,5,0.0,9.75,0.0,True,True,False,True,,https://pump.fun/coin/CykjtPm3cc98hBwTiqjyatSUEiCdxdMwbeFRWocm9gYj
2026-09-28 13:46:19,9V54LTn8CnQomkEbpvuwWpRgmKvKYWUhMDNd4ZZzpump,jimmy ,reject,0,no traction,60,3405,0.0,1,1,0,0.248,1.76,False,0,0.0,1.76,0.0,False,False,False,False,,https://pump.fun/coin/9V54LTn8CnQomkEbpvuwWpRgmKvKYWUhMDNd4ZZzpump
2026-09-28 13:46:20,8fSjtT1CYNtmfiUWuiQRqNoc3WBwpwvZq3qe8xA9pump,LMAO,reject,0,dev sold,30,901,-73.3,6,14,14,0.0,0.35,True,3,0.0,0.35,0.0,False,False,False,False,,https://pump.fun/coin/8fSjtT1CYNtmfiUWuiQRqNoc3WBwpwvZq3qe8xA9pump
2026-09-28 13:46:22,AxRUy8tdzFsoyyrQk29CEWo9qwAVkZDZfVGpkVeCpump,DOOB,reject,0,dev sold,61,315,-74.1,6,18,18,0.088,0.35,True,0,0.0,4.35,0.0,False,False,False,False,,https://pump.fun/coin/AxRUy8tdzFsoyyrQk29CEWo9qwAVkZDZfVGpkVeCpump
2026-09-28 13:46:24,Gf28yV9DoVeA2dPxX8cVCcuMqDxHAooNoHZNaUi6pump,BROKE,reject,0,no traction,61,3352,0.0,1,1,0,0.01,0.07,False,0,0.0,0.07,0.0,False,False,False,False,,https://pump.fun/coin/Gf28yV9DoVeA2dPxX8cVCcuMqDxHAooNoHZNaUi6pump
2026-09-28 13:46:24,GBzWPM9DqjFLUkQFMx7NX4kQ9iZ9sCVVH5FRAeGaHye9,STEST2,reject,0,no traction,60,3354,0.0,1,1,0,0.02,0.14,False,0,0.0,0.14,0.0,False,False,False,False,,https://pump.fun/coin/GBzWPM9DqjFLUkQFMx7NX4kQ9iZ9sCVVH5FRAeGaHye9
2026-09-28 13:46:26,Da6ex1w7MSbWaKtHcLg5nj6vredjDJxnAYMdhkmvpump,swordcat,reject,0,dev sold,30,4182,20.8,2,3,1,0.0,1.74,True,1,0.41,2.15,0.0,False,False,False,False,,https://pump.fun/coin/Da6ex1w7MSbWaKtHcLg5nj6vredjDJxnAYMdhkmvpump
2026-09-28 13:46:32,7HF83Pn8kuf75CTSjw84QBfYSC5Ei1ik8bnmyKRNpump,MINIBOT,reject,0,dev sold,31,10650,213.7,10,38,25,0.009,0.71,True,1,3.28,4.01,0.0,False,False,False,False,,https://pump.fun/coin/7HF83Pn8kuf75CTSjw84QBfYSC5Ei1ik8bnmyKRNpump
2026-09-28 13:46:32,6xY4hkeJqXH2iuCFXuhmRvriYR7YEmSQdnZ2563q54Df,COS,reject,0,dev sold,30,6324,56.0,22,26,21,11.221,9.75,True,5,9.6,38.96,0.0,False,False,False,False,,https://pump.fun/coin/6xY4hkeJqXH2iuCFXuhmRvriYR7YEmSQdnZ2563q54Df
2026-09-28 13:46:34,2SZyoJiZdsRJhKrbStWo77MqvpQyYQbd449Cjrrkpump,LMAO,reject,0,dev sold,120,1833,80.8,7,27,18,0.0,0.35,True,3,0.0,1.3,0.0,False,False,False,False,,https://pump.fun/coin/2SZyoJiZdsRJhKrbStWo77MqvpQyYQbd449Cjrrkpump
2026-09-28 13:46:42,6dKtcqRfsbKDYwFWGNnod9thiYc3msRTwEiXL9jMpump,PRVX,reject,0,dev holds 53.1%,31,5918,0.0,7,7,1,9.875,53.12,False,1,0.0,53.13,0.0,False,False,False,False,,https://pump.fun/coin/6dKtcqRfsbKDYwFWGNnod9thiYc3msRTwEiXL9jMpump
2026-09-28 13:46:44,AGtevxfWP6bqhaYyh34xDQXorHBG2TmbbCUwwkgfpump,MONEY BANK,reject,0,dev sold,30,2006,-40.5,5,11,6,0.625,0.35,True,0,0.0,5.11,0.0,False,False,False,False,,https://pump.fun/coin/AGtevxfWP6bqhaYyh34xDQXorHBG2TmbbCUwwkgfpump
2026-09-28 13:46:46,4GL8GdL7GofetW86daQFdLzVj1o9mVGExAoHRMLuSEwW,BALD,reject,0,no traction,60,3394,0.0,2,2,0,0.199,0.36,False,1,0.53,0.88,0.0,False,False,False,True,,https://pump.fun/coin/4GL8GdL7GofetW86daQFdLzVj1o9mVGExAoHRMLuSEwW
2026-09-28 13:46:46,AxtNBRSXKsQ7w9xYQ86SZMoTkXQ2yVq8YwqeBdFApump,RIDER,reject,0,dev holds 13.3%,31,3805,0.0,2,2,1,1.975,13.26,False,1,0.0,13.26,0.0,False,False,False,False,,https://pump.fun/coin/AxtNBRSXKsQ7w9xYQ86SZMoTkXQ2yVq8YwqeBdFApump
2026-09-28 13:46:53,HMPqnQYe2mRwpru9ny1jLL3f6siUxAGiJxGobKjtpump,LMAO,reject,0,dev sold,31,1999,-40.7,7,7,8,0.0,0.35,True,2,0.0,0.35,0.0,False,False,False,False,,https://pump.fun/coin/HMPqnQYe2mRwpru9ny1jLL3f6siUxAGiJxGobKjtpump
2026-09-28 13:46:54,7EVdBtCEgnEy9VKonRHrTeU56UNx1HT3u18tuzhNpump,YUO,reject,0,no traction,60,3394,0.0,1,1,0,0.198,1.4,False,0,0.0,1.4,0.0,False,False,False,False,,https://pump.fun/coin/7EVdBtCEgnEy9VKonRHrTeU56UNx1HT3u18tuzhNpump
2026-09-28 13:46:55,9TSaLTrwwEuJDUoDUi231SHDpumPLHBNQoCw4Vtkpump,NOTHING,reject,0,no traction,61,2125,-49.6,2,8,7,0.184,2.1,False,0,0.0,2.7,0.0,False,False,False,False,,https://pump.fun/coin/9TSaLTrwwEuJDUoDUi231SHDpumPLHBNQoCw4Vtkpump
2026-09-28 13:46:57,BVxvr4xWCeixvBGGMpyoTTWUBYJc5E3suoNGfKPBjN48,Aurora,reject,0,dev sold,31,3350,-12.0,1,1,1,0.0,6.63,True,0,0.0,6.63,0.0,True,True,False,True,,https://pump.fun/coin/BVxvr4xWCeixvBGGMpyoTTWUBYJc5E3suoNGfKPBjN48
2026-09-28 13:46:57,7XL7Lotj4r5aUo5XwwmzPik5v2CgBLedhtVGUNUEpump,GNB,reject,0,dev sold,31,25651,660.8,13,77,49,0.163,0.35,True,2,0.03,3.0,0.0,False,False,False,False,,https://pump.fun/coin/7XL7Lotj4r5aUo5XwwmzPik5v2CgBLedhtVGUNUEpump
2026-09-28 13:46:57,26NqYsbwGppZyARuGL9wED3vNodZYv7eeNYqDLCxpump,It,reject,0,dev sold,30,7306,104.4,5,25,16,0.0,3.42,True,1,4.08,7.5,0.0,False,False,False,False,,https://pump.fun/coin/26NqYsbwGppZyARuGL9wED3vNodZYv7eeNYqDLCxpump
2026-09-28 13:47:03,FkgYj4kxFsekgL1Yy3pYYLkJ1PuBkVa7SKK61nmFpump,DOOB,reject,0,dev sold,30,3350,-0.7,1,1,1,0.0,0.35,True,0,0.0,0.35,0.0,False,False,False,False,,https://pump.fun/coin/FkgYj4kxFsekgL1Yy3pYYLkJ1PuBkVa7SKK61nmFpump
2026-09-28 13:47:04,4Xp9Wv9rjtYoYnyAqVYxb822ywJn9qK7QZy3Ckyrpump,SOLPEPE,reject,0,no traction,61,3461,0.0,1,1,0,0.495,3.48,False,0,0.0,3.48,0.0,False,False,False,False,,https://pump.fun/coin/4Xp9Wv9rjtYoYnyAqVYxb822ywJn9qK7QZy3Ckyrpump
2026-09-28 13:47:05,6QPuVHpTKT6guzmgA9DvokouumZSYTEVDEdGsHUpump,LMAO,reject,0,dev sold,31,631,-81.3,7,18,16,0.033,0.35,True,3,0.0,0.98,0.0,False,False,False,False,,https://pump.fun/coin/6QPuVHpTKT6guzmgA9DvokouumZSYTEVDEdGsHUpump
2026-09-28 13:47:07,4zXo6rsynEVvPWcu2wzaCZwz1V8WKTwGJiTWYKijpump,HABIBI,drop,37.9,mcap below min,241,3727,-1.2,26,27,15,1.645,6.84,False,2,0.0,9.0,0.0,False,False,False,False,,https://pump.fun/coin/4zXo6rsynEVvPWcu2wzaCZwz1V8WKTwGJiTWYKijpump
2026-09-28 13:47:07,BaMt3e3e1mGCXWPhXkVjx634oAbjfWwj5J8JaSutYeYf,FMB,reject,0,dev holds 17.8%,30,5766,44.8,41,41,21,9.358,17.76,False,9,7.62,35.04,0.0,True,False,False,True,,https://pump.fun/coin/BaMt3e3e1mGCXWPhXkVjx634oAbjfWwj5J8JaSutYeYf
2026-09-28 13:47:09,qznRk6p3TVhieVCJo4fn7EsJFjcDC1oaJnqX7YVHcWK,NEARKAT,reject,0,no traction,60,3350,0.0,0,0,0,0.0,0.0,False,0,0.0,0.0,0.0,False,False,False,False,,https://pump.fun/coin/qznRk6p3TVhieVCJo4fn7EsJFjcDC1oaJnqX7YVHcWK
2026-09-28 13:47:17,9rcMPpXXtN5QZ9Ee9DPsiPanJGTVwozBnq4yeq7Npump,MCH,reject,0,dev sold,30,805,-76.1,4,28,16,0.015,0.35,True,2,0.45,1.02,0.0,False,False,False,False,,https://pump.fun/coin/9rcMPpXXtN5QZ9Ee9DPsiPanJGTVwozBnq4yeq7Npump
2026-09-28 13:47:20,EmjMp4r4xgUwek22mD7Bqp2J13HSsRr1rCZNi1URpump,MINIBOT,reject,0,dev sold,31,1229,-63.8,4,8,13,0.004,0.71,True,1,0.04,0.96,0.0,False,False,False,False,,https://pump.fun/coin/EmjMp4r4xgUwek22mD7Bqp2J13HSsRr1rCZNi1URpump
2026-09-28 13:47:21,2LXNdM5J9CEMoSTqoEzuh4p7fUx7ZAAtBgnYQ4empump,GNB,reject,0,dev sold,31,269,-92.0,6,24,24,0.096,0.21,True,1,1.0,5.67,0.0,False,False,False,False,,https://pump.fun/coin/2LXNdM5J9CEMoSTqoEzuh4p7fUx7ZAAtBgnYQ4empump
2026-09-28 13:47:22,5o7voKRuLaT7tHUJrk2whbpDTi6S196qX1qkbv3rpump,$tonk,reject,0,dev sold,121,3378,0.0,3,6,5,0.0,0.45,True,0,0.0,0.82,0.0,False,False,False,False,,https://pump.fun/coin/5o7voKRuLaT7tHUJrk2whbpDTi6S196qX1qkbv3rpump
2026-09-28 13:47:22,HNQuHihSRBNW1n9pHmN8ZQaNDMe6oCx9Y2kF39m9pump,Notepad,reject,0,dev sold,60,3505,-31.0,51,51,52,0.688,2.0,True,16,1.23,4.41,0.0,False,False,False,False,,https://pump.fun/coin/HNQuHihSRBNW1n9pHmN8ZQaNDMe6oCx9Y2kF39m9pump
2026-09-28 13:47:22,EUQYGBdzrzos7fYMQ1pBQohYS1DcDmcgXRb5UsMcpump,BYZIQOSOL,reject,0,bundled: 5 launch wallets own 12%,30,4596,29.5,15,15,0,5.141,6.12,False,5,12.12,18.75,0.0,False,False,False,False,,https://pump.fun/coin/EUQYGBdzrzos7fYMQ1pBQohYS1DcDmcgXRb5UsMcpump
2026-09-28 13:47:28,GeXKB929FuRLQJgLoAUrpchZSfFQCRdFxRcbFfptcGwm,,reject,0,no traction,61,3371,0.0,0,0,0,0.0,0.34,False,0,0.0,0.34,0.0,False,False,False,False,,https://pump.fun/coin/GeXKB929FuRLQJgLoAUrpchZSfFQCRdFxRcbFfptcGwm
2026-09-28 13:47:34,CSCKGfPaQNkjvRahyDgmLxPdrQJzrFp2ZrHqFvxagFsm,TIKPAID,reject,0,dev sold,241,3350,-0.6,14,14,14,0.0,0.05,True,2,0.0,0.05,0.0,False,False,False,False,,https://pump.fun/coin/CSCKGfPaQNkjvRahyDgmLxPdrQJzrFp2ZrHqFvxagFsm
2026-09-28 13:47:34,DoWrnXBkyjLqJsEmvvtGExqBK1wZ2RHPuov2jum8pump,LOAN,drop,7.0,mcap below min,240,183,0.0,7,17,24,0.002,0.42,False,1,2.29,2.71,0.0,False,False,False,False,,https://pump.fun/coin/DoWrnXBkyjLqJsEmvvtGExqBK1wZ2RHPuov2jum8pump
2026-09-28 13:47:40,AQXsaF6H6qsomEPFBuZTH7AmesMUe2owePKrU1Cpp5wQ,MOTS,reject,0,dev sold,121,3350,-5.7,3,3,3,0.0,0.35,True,1,0.0,0.35,0.0,False,False,False,False,,https://pump.fun/coin/AQXsaF6H6qsomEPFBuZTH7AmesMUe2owePKrU1Cpp5wQ
2026-09-28 13:47:41,26NoKFBiYD6DaCg3SBoAwtEQLCdbmsMER2qMyhUjpump,LINKED,drop,33.7,mcap below min,240,3520,0.2,18,23,14,0.753,4.36,False,3,0.0,4.36,0.0,True,True,False,False,,https://pump.fun/coin/26NoKFBiYD6DaCg3SBoAwtEQLCdbmsMER2qMyhUjpump
2026-09-28 13:47:44,ARnYmaDCBdVWy57y8yy6rdcKdKRrGBk1oFnipWyPpump,Sol Ad,reject,0,dev sold,31,7634,127.0,4,16,11,0.0,0.21,True,1,0.32,0.53,0.0,False,False,False,False,,https://pump.fun/coin/ARnYmaDCBdVWy57y8yy6rdcKdKRrGBk1oFnipWyPpump
2026-09-28 13:47:45,59nY1NojZFZQFH5VoZmavgez5g8xEEut5PS9wZydzLGX,crump,reject,0,dev sold,60,3350,-1.3,1,1,1,0.0,0.71,True,0,0.0,0.71,0.0,True,False,False,False,trump,https://pump.fun/coin/59nY1NojZFZQFH5VoZmavgez5g8xEEut5PS9wZydzLGX
2026-09-28 13:47:45,9zTnYD69uM8GrHTRe1M4sMY6Fg3BEmENJhxtqfBogYx5,GARRY,reject,0,dev sold,30,12220,202.2,68,72,49,27.299,9.64,True,8,0.0,45.14,0.0,True,True,False,True,,https://pump.fun/coin/9zTnYD69uM8GrHTRe1M4sMY6Fg3BEmENJhxtqfBogYx5
2026-09-28 13:47:46,3zHL8wW3zvggS5DMgm69H67Uxg3iyisNtPQZ3isKpump,Sourccey,reject,0,dev sold,30,631,-81.4,4,18,19,0.0,0.71,True,0,0.0,0.83,0.0,False,False,False,False,,https://pump.fun/coin/3zHL8wW3zvggS5DMgm69H67Uxg3iyisNtPQZ3isKpump
2026-09-28 13:47:52,CeHnWQbPRw1Pr2PcsUp7SGrazrMu487XMz73BBDEpump,Aeon,drop,43.1,mcap below min,240,4188,0.0,24,24,13,3.543,6.85,False,3,0.0,14.76,0.0,False,False,False,False,,https://pump.fun/coin/CeHnWQbPRw1Pr2PcsUp7SGrazrMu487XMz73BBDEpump
2026-09-28 13:47:59,Fw7PutQxKbLRwADci3ZJnkavi6ysmWZJfYzQW5hgpump,HOOD,reject,0,dev sold,31,3951,14.9,2,2,1,0.0,1.39,True,0,0.0,1.64,0.0,False,False,False,False,,https://pump.fun/coin/Fw7PutQxKbLRwADci3ZJnkavi6ysmWZJfYzQW5hgpump
2026-09-28 13:48:05,B926qakHGEA2GRut5iaoYn4a4bAfFFJdSY5wE54Kpump,business,reject,0,dev sold,30,8209,-10.9,106,118,85,16.962,42.6,True,11,5.34,60.92,0.0,True,True,False,True,,https://pump.fun/coin/B926qakHGEA2GRut5iaoYn4a4bAfFFJdSY5wE54Kpump
2026-09-28 13:48:09,EwiMSsVDvxVF66teYfzm2NaMSsNiaWX695qzETXFmMvx,Sourccey,reject,0,dev sold,30,3634,7.8,25,25,35,1.246,0.36,True,6,0.0,4.63,0.0,True,True,False,True,,https://pump.fun/coin/EwiMSsVDvxVF66teYfzm2NaMSsNiaWX695qzETXFmMvx
2026-09-28 13:48:10,PEPEqnuuCDbBC89p1u9vpnP1KQ2oj1xTcQBsjt9X55m,Sourccey,reject,0,no traction,60,3350,0.0,0,0,0,0.0,0.0,False,0,0.0,0.0,0.0,True,True,False,True,,https://pump.fun/coin/PEPEqnuuCDbBC89p1u9vpnP1KQ2oj1xTcQBsjt9X55m
2026-09-28 13:48:10,HcXqH3HHH527t3XNv7WBbrKATHXZvhwUnEGsJcG8pump,WIN A XBOX,reject,0,dev sold,30,4309,13.2,3,4,5,1.155,9.94,True,0,0.0,12.54,0.0,False,False,False,False,,https://pump.fun/coin/HcXqH3HHH527t3XNv7WBbrKATHXZvhwUnEGsJcG8pump
2026-09-28 13:48:12,F1RvvzG1AG8txgEzqUtZrT6ePBQdyLUZyvgCbN9Wpump,SABERCAT,reject,0,no traction,61,3355,0.0,1,1,0,0.025,0.18,False,0,0.0,0.18,0.0,False,False,False,False,,https://pump.fun/coin/F1RvvzG1AG8txgEzqUtZrT6ePBQdyLUZyvgCbN9Wpump
2026-09-28 13:48:13,FQz6TPDTHg7gKbY6tj7mUwc81bkokvCibCkvjPWVojwe,Sourccey,reject,0,dev sold,30,3350,-17.4,3,3,7,0.0,9.75,True,2,0.0,9.75,0.0,True,True,False,True,,https://pump.fun/coin/FQz6TPDTHg7gKbY6tj7mUwc81bkokvCibCkvjPWVojwe
2026-09-28 13:48:14,3N3J9JcLnccN2F6nJXWzj84Fah5fhwdfN1PhXqvRUZyf,Sourccey,reject,0,dev sold,31,3504,-8.1,11,11,10,0.682,6.71,True,4,0.0,9.09,0.0,True,True,False,True,,https://pump.fun/coin/3N3J9JcLnccN2F6nJXWzj84Fah5fhwdfN1PhXqvRUZyf
2026-09-28 13:48:15,HYibzc3dSDkSckpHdoMpHXNfsZYRg9fzrfusY9uYpump,DERP,reject,0,dev sold,61,138,-85.5,5,78,38,0.017,0.69,True,2,0.0,2.18,0.0,False,False,False,False,,https://pump.fun/coin/HYibzc3dSDkSckpHdoMpHXNfsZYRg9fzrfusY9uYpump
2026-09-28 13:48:16,Xsc9qvGR1efVDFGLrVsmkzv3qi45LTBjeUKSPmx9qEh,Sourccey,reject,0,no traction,60,3350,0.0,0,0,0,0.0,0.0,False,0,0.0,0.0,0.0,True,True,False,True,,https://pump.fun/coin/Xsc9qvGR1efVDFGLrVsmkzv3qi45LTBjeUKSPmx9qEh
2026-09-28 13:48:20,A2tesXf43abH2apym4Dji7n73b418XAWZ9ZGB2gjPfSj,BUL,reject,0,dev sold,60,466,-27.8,6,22,20,0.07,2.89,True,4,0.0,2.89,0.0,False,False,False,False,,https://pump.fun/coin/A2tesXf43abH2apym4Dji7n73b418XAWZ9ZGB2gjPfSj
2026-09-28 13:48:21,89wZJo3SVvcMrcBEqg8uVCLQ5rQ94xThZWzKJaf7pump,$Roku,reject,0,no traction,60,3378,0.0,2,9,8,0.0,2.76,False,0,0.0,4.19,0.0,False,False,False,False,,https://pump.fun/coin/89wZJo3SVvcMrcBEqg8uVCLQ5rQ94xThZWzKJaf7pump
2026-09-28 13:48:22,4fV323HFxsNoJKApqufyRGDDZG7jdyHYaZ9nswoAz9J2,MCDONA,reject,0,no traction,60,3352,0.0,1,1,0,0.01,0.07,False,0,0.0,0.07,0.0,False,False,False,False,,https://pump.fun/coin/4fV323HFxsNoJKApqufyRGDDZG7jdyHYaZ9nswoAz9J2
2026-09-28 13:48:24,8uKHmGLq6BN8AtKmV3v97Go4mckjHmRUC8Yc7vgxpump,Sourccey,reject,0,dev sold,30,6234,63.8,33,34,14,10.927,6.63,True,6,0.55,26.0,0.0,True,True,False,False,,https://pump.fun/coin/8uKHmGLq6BN8AtKmV3v97Go4mckjHmRUC8Yc7vgxpump
2026-09-28 13:48:26,GU8T7ikhh2iZtP7zyPjcn7ipn3WiaHeyrUDXWcZopump,Viscacha,reject,0,dev sold,31,3350,-28.2,2,2,2,0.0,16.37,True,1,0.0,16.37,0.0,True,True,False,True,,https://pump.fun/coin/GU8T7ikhh2iZtP7zyPjcn7ipn3WiaHeyrUDXWcZopump
2026-09-28 13:48:29,7X6a4NhW4Kz2UnyxbqkY5PSYSqrDb8s76GVkvQXQpump,BCM,reject,0,dev sold,31,6058,79.7,2,5,2,0.0,0.35,True,1,0.24,0.59,0.0,False,False,False,False,,https://pump.fun/coin/7X6a4NhW4Kz2UnyxbqkY5PSYSqrDb8s76GVkvQXQpump
2026-09-28 13:48:30,ESb9YvUcick3f8KvBPLUvYzrphVZeAsAjmFWh54rpump,HOODX,reject,0,dev sold,30,3374,-3.8,5,6,4,0.107,2.42,True,2,0.0,2.8,0.0,False,False,False,False,,https://pump.fun/coin/ESb9YvUcick3f8KvBPLUvYzrphVZeAsAjmFWh54rpump
2026-09-28 13:48:32,3xNJKNvMXxN7TLS6hdaLXvJZvG7bVNFQP6mqMRZ2pump,$FAUNA,drop,21.3,mcap below min,241,3495,-0.0,16,16,12,0.644,2.16,False,3,1.17,3.34,0.0,False,False,False,False,,https://pump.fun/coin/3xNJKNvMXxN7TLS6hdaLXvJZvG7bVNFQP6mqMRZ2pump
2026-09-28 13:48:34,8fxksugGpQV9AeqvDE29TjxXKHxhX6P7gc1NGo1Lpump,solpet,reject,0,dev sold,31,3417,-4.1,4,4,4,0.299,3.25,True,3,1.06,4.31,0.0,False,False,False,False,,https://pump.fun/coin/8fxksugGpQV9AeqvDE29TjxXKHxhX6P7gc1NGo1Lpump
2026-09-28 13:48:38,2NVexvYJbEb5hqUEPzkzvyu8iRQ65eQQQwMTbntkpump,LANTERN,reject,0,no traction,60,3351,0.0,1,1,0,0.007,0.05,False,0,0.0,0.05,0.0,False,False,False,False,,https://pump.fun/coin/2NVexvYJbEb5hqUEPzkzvyu8iRQ65eQQQwMTbntkpump
2026-09-28 13:48:39,29wrz8Fuvse5cvxMTLrTcDtX3yMjyBKieZEECptGpump,$GOAT,reject,0,dev sold,30,4518,34.0,4,21,10,0.0,0.35,True,2,0.67,1.02,0.0,False,False,False,False,,https://pump.fun/coin/29wrz8Fuvse5cvxMTLrTcDtX3yMjyBKieZEECptGpump
2026-09-28 13:48:43,5yeLXapAV6ui4pVs3Xiev9wdTbMkTQEbUFQHw59Kpump,GARRY,reject,0,dev sold,30,9866,190.6,2,8,5,0.0,0.71,True,1,0.97,1.68,0.0,False,False,False,False,,https://pump.fun/coin/5yeLXapAV6ui4pVs3Xiev9wdTbMkTQEbUFQHw59Kpump
2026-09-28 13:48:44,4L1G7WzVeJeaA7qt8uTM7wBJmVDHCmFo8y3HsQBppump,HOOD,reject,0,dev sold,31,4168,22.4,2,4,1,0.0,0.88,True,0,0.0,1.07,0.0,False,False,False,False,,https://pump.fun/coin/4L1G7WzVeJeaA7qt8uTM7wBJmVDHCmFo8y3HsQBppump
2026-09-28 13:48:44,9ZxGN2xQJKZ6ff1NFj2bkXdTHgZwBEo4EAMRnDmeEjVk,Games,reject,0,dev sold,31,4337,7.0,31,31,19,4.136,9.75,True,7,4.59,22.64,0.0,True,True,False,True,,https://pump.fun/coin/9ZxGN2xQJKZ6ff1NFj2bkXdTHgZwBEo4EAMRnDmeEjVk
2026-09-28 13:48:46,39FwJGSGD8piMS6vmyzAr7AA5AafBinXqaKvGz8sDYD4,Sourccey,reject,0,dev sold,31,4330,-15.0,29,41,34,4.107,20.3,True,16,11.28,33.22,0.0,True,True,False,True,,https://pump.fun/coin/39FwJGSGD8piMS6vmyzAr7AA5AafBinXqaKvGz8sDYD4
2026-09-28 13:48:48,Xsc9qvGR1efVDFGLrVsmkzv3qi45LTBjeUKSPmx9qEh,,reject,0,dev holds 100.0%,31,723209,0.0,0,0,0,0.0,100.0,False,0,0.0,100.0,0.0,False,False,False,False,,https://pump.fun/coin/Xsc9qvGR1efVDFGLrVsmkzv3qi45LTBjeUKSPmx9qEh
2026-09-28 13:48:49,nTgbLR61mdkGBswQ9VbiP5muwXCmxPKs1WDndF57LxF,Sourccey,reject,0,dev sold,30,3350,-17.4,5,5,8,0.0,9.75,True,1,0.0,9.75,0.0,True,True,False,True,,https://pump.fun/coin/nTgbLR61mdkGBswQ9VbiP5muwXCmxPKs1WDndF57LxF
2026-09-28 13:48:51,26EG6K5iRyoqGFYBxcqDbEjqYtHjeetKh3MYxFyAqCph,Sourccey,reject,0,dev sold,31,8036,57.7,147,171,131,16.465,20.3,True,2,7.74,48.5,0.0,True,True,False,True,,https://pump.fun/coin/26EG6K5iRyoqGFYBxcqDbEjqYtHjeetKh3MYxFyAqCph
2026-09-28 13:48:53,Gauvubw6eiLZyvTtyEqW8bs5WdWcALZWqvV8G5SVpump,Sol Ad,drop,7.0,mcap below min,241,434,0.0,7,32,35,0.001,0.42,False,1,0.0,0.42,0.0,False,False,False,False,,https://pump.fun/coin/Gauvubw6eiLZyvTtyEqW8bs5WdWcALZWqvV8G5SVpump
2026-09-28 13:48:57,CJHDv5Bf31j6mYNGADaa6htM5bwFh1sD8b6CQRbvpump,Starship,reject,0,dev holds 13.3%,31,3875,1.8,13,13,3,2.265,13.26,False,4,0.9,14.16,0.0,False,False,False,False,,https://pump.fun/coin/CJHDv5Bf31j6mYNGADaa6htM5bwFh1sD8b6CQRbvpump
2026-09-28 13:48:58,Gw4qdSx8kgEQQis1JdNqbXwfrQ965XUGpyVnpPQ9pump,FENSORY,drop,28.1,mcap below min,241,3491,-0.0,54,54,48,0.627,3.13,False,4,1.03,5.33,0.0,False,False,False,False,,https://pump.fun/coin/Gw4qdSx8kgEQQis1JdNqbXwfrQ965XUGpyVnpPQ9pump
2026-09-28 13:48:58,8RtTGLM6drQ4JE4egqr6FiYmPKHVG5RiQ1HkMAUDpump,Sourccey,reject,0,dev sold,31,3994,-1.2,39,44,39,2.758,9.64,True,5,5.75,23.93,0.0,False,False,False,False,,https://pump.fun/coin/8RtTGLM6drQ4JE4egqr6FiYmPKHVG5RiQ1HkMAUDpump
2026-09-28 13:49:03,9hV2WTqQZYSRTvHzsEwgzKacUxPbP3r8E3PzA37Kpump,OPTIONS,reject,0,dev sold,31,3554,3.4,15,19,11,0.903,1.39,True,8,2.98,4.53,0.0,False,False,False,False,,https://pump.fun/coin/9hV2WTqQZYSRTvHzsEwgzKacUxPbP3r8E3PzA37Kpump
2026-09-28 13:49:10,AypzqjwjSwqLVBdTwq895sy7defrJn1gQ4igVtsfjTuy,NEVERDOOM,reject,0,dev sold,30,5592,22.6,152,168,136,8.761,15.33,True,8,0.0,29.81,0.0,True,True,False,True,,https://pump.fun/coin/AypzqjwjSwqLVBdTwq895sy7defrJn1gQ4igVtsfjTuy
2026-09-28 13:49:13,EouDyxo5y6ZdWaRuYtebHM6L9qAkocfNDzC8GSLV5cQz,WEIRDEGG,reject,0,dev holds 16.2%,31,3918,0.0,2,2,1,2.445,16.17,False,1,0.0,16.17,0.0,True,True,False,True,,https://pump.fun/coin/EouDyxo5y6ZdWaRuYtebHM6L9qAkocfNDzC8GSLV5cQz
2026-09-28 13:49:17,JBHFd5JaT6yeMq5ANCAR7Zb9Fw9SmTfcS9kKWiLvpump,HIGH LIQ,reject,0,dev sold,30,5228,29.3,3,6,2,2.938,16.88,True,0,0.0,19.75,0.0,False,False,False,False,,https://pump.fun/coin/JBHFd5JaT6yeMq5ANCAR7Zb9Fw9SmTfcS9kKWiLvpump
2026-09-28 13:49:19,3wknp2yc6JiRRx8roL6NcEQZp2RogRHi5KvzZ2fhpump,GARRY,reject,0,dev sold,31,2250,-33.7,9,48,31,0.265,0.71,True,0,0.0,5.47,0.0,False,False,False,False,,https://pump.fun/coin/3wknp2yc6JiRRx8roL6NcEQZp2RogRHi5KvzZ2fhpump
2026-09-28 13:49:21,8VXd78e8EUiR3y2YtNaWLLabTiAkDp9iAkkuQUPewyM5,47,reject,0,dev sold,31,3795,-11.5,11,13,11,1.931,12.49,True,8,0.0,18.98,0.0,True,True,False,False,trump,https://pump.fun/coin/8VXd78e8EUiR3y2YtNaWLLabTiAkDp9iAkkuQUPewyM5
2026-09-28 13:49:23,3mM6C1cuU5gzY3LzgS3t9mCNrq7Gk6a7HAxPmzA7pump,teste,reject,0,dev sold,31,3350,-6.3,4,4,4,0.001,3.43,True,2,0.0,3.43,0.0,False,False,False,False,,https://pump.fun/coin/3mM6C1cuU5gzY3LzgS3t9mCNrq7Gk6a7HAxPmzA7pump
2026-09-28 13:49:26,Gd7MbFakkqCHN6k32iD2kbqbfFiJqumde9pyAkFQpump,Viscacha,reject,0,dev sold,30,3350,-27.1,4,4,3,0.0,15.68,True,1,0.0,15.68,0.0,True,True,False,True,,https://pump.fun/coin/Gd7MbFakkqCHN6k32iD2kbqbfFiJqumde9pyAkFQpump
2026-09-28 13:49:28,EsXDgSSbzjH4KNEwXrjVSwBJLAYJpJqnP1wLWXQTKk2y,PFP,reject,0,dev sold,31,3689,-14.3,6,6,9,1.481,12.62,True,4,0.0,17.67,0.0,True,True,False,False,,https://pump.fun/coin/EsXDgSSbzjH4KNEwXrjVSwBJLAYJpJqnP1wLWXQTKk2y
