time,equity_sol,equity_usd,return_pct,closed_trades,win_rate_pct,tokens_seen
2026-09-28 22:40:17,0.3413,40.17,-18.38,11,18.2,1415
2026-09-28 23:39:56,0.27812,33.07,-33.49,19,15.8,2012
2026-09-29 00:48:11,0.26608,31.67,-36.37,24,16.7,2462
2026-09-29 01:39:57,0.26608,31.13,-36.37,24,16.7,2864
2026-09-29 02:39:27,0.2945,34.36,-29.57,26,23.1,3265
2026-09-29 03:41:58,0.30969,36.49,-25.94,27,25.9,3704
2026-09-29 04:41:54,0.298,35.1,-28.74,28,25.0,4057
2026-09-29 05:41:13,0.26462,31.24,-36.72,31,22.6,4603
2026-09-29 06:46:48,0.24406,29.06,-41.64,33,21.2,5029
