time,mint,symbol,action,reason,price,sol,pnl_sol,pnl_pct,mcap_usd,balance_sol
2026-09-28 13:41:56,q6WC9dtsNfc1dvbgUNXwPbf6SDLkmmHk6mqRzeiBZfs,GACHACAT,BUY,score 74.5,0.000000080035,0.04182,,,9160,0.37635
2026-09-28 13:42:30,q6WC9dtsNfc1dvbgUNXwPbf6SDLkmmHk6mqRzeiBZfs,GACHACAT,SELL,stop loss -35%,0.000000051864,0.02626,-0.01556,-37.2,6345,0.40261
2026-09-28 17:25:44,9FYanAbnG7fcqMKX82K3AqhH2U4391LLNZx4U2Yfpump,DAWN,BUY,score 87.0,0.000000062456,0.04026,,,7164,0.36235
2026-09-28 17:25:50,9FYanAbnG7fcqMKX82K3AqhH2U4391LLNZx4U2Yfpump,DAWN,SELL,stop loss -38%,0.000000039016,0.02434,-0.01592,-39.6,4787,0.38668
2026-09-28 17:25:56,CgSP3o1LPkRyEAUibHQrRwJKSXMgX9XjhaWvCKFPpump,TOOL,BUY,score 68.3,0.000000062211,0.03867,,,7133,0.34802
2026-09-28 17:26:21,Atyz7D7J2gp97douhm7yGy7z1G9Fugxvj9qGbH5Apump,TFL,BUY,score 73.0,0.000000064904,0.0348,,,7431,0.31321
2026-09-28 17:26:44,DAb5NNhMBH7BzAkohqvxmMDexF4zfcbdo53CHqgzpump,Rise,BUY,score 59.5,0.000000061522,0.03132,,,7033,0.28189
2026-09-28 17:27:21,7AWTvMDwnHyjqJ4qZhuKgtV2452Wyd1SpJGm7ncFpump,Terminal,BUY,score 63.4,0.000000131686,0.02819,,,15030,0.2537
2026-09-28 17:28:03,7AWTvMDwnHyjqJ4qZhuKgtV2452Wyd1SpJGm7ncFpump,Terminal,SELL,stop loss -37%,0.000000082930,0.01703,-0.01116,-39.6,10171,0.27073
2026-09-28 17:29:10,Atyz7D7J2gp97douhm7yGy7z1G9Fugxvj9qGbH5Apump,TFL,SELL,stop loss -36%,0.000000041370,0.02141,-0.0134,-38.5,5075,0.29214
2026-09-28 17:29:12,CgSP3o1LPkRyEAUibHQrRwJKSXMgX9XjhaWvCKFPpump,TOOL,SELL,stop loss -35%,0.000000040312,0.02424,-0.01442,-37.3,4946,0.31638
2026-09-28 17:30:29,DAb5NNhMBH7BzAkohqvxmMDexF4zfcbdo53CHqgzpump,Rise,SELL,shift ended,0.000000068422,0.0339,0.00258,8.2,8395,0.35028
